image_path,ladder_path
resources/data/2p_5p_Dataset_NFI/Raw data .HID files/Mixture dataset 1/Inj5 2017-05-01-09-45-24-128/1A2_A01_01.hid,resources/data/2p_5p_Dataset_NFI/Raw data .HID files/Mixture dataset 1/Inj5 2017-05-01-09-45-24-128/Ladder_G03_21.hid
resources/data/2p_5p_Dataset_NFI/Raw data .HID files/Mixture dataset 1/Inj5 2017-05-01-09-45-24-128/1A2_E01_13.hid,resources/data/2p_5p_Dataset_NFI/Raw data .HID files/Mixture dataset 1/Inj5 2017-05-01-09-45-24-128/Ladder_G03_21.hid
resources/data/2p_5p_Dataset_NFI/Raw data .HID files/Mixture dataset 1/Inj5 2017-05-01-09-45-24-128/1A3_B01_04.hid,resources/data/2p_5p_Dataset_NFI/Raw data .HID files/Mixture dataset 1/Inj5 2017-05-01-09-45-24-128/Ladder_G03_21.hid
resources/data/2p_5p_Dataset_NFI/Raw data .HID files/Mixture dataset 1/Inj5 2017-05-01-09-45-24-128/1A3_F01_16.hid,resources/data/2p_5p_Dataset_NFI/Raw data .HID files/Mixture dataset 1/Inj5 2017-05-01-09-45-24-128/Ladder_G03_21.hid
resources/data/2p_5p_Dataset_NFI/Raw data .HID files/Mixture dataset 1/Inj5 2017-05-01-09-45-24-128/1A4_C01_07.hid,resources/data/2p_5p_Dataset_NFI/Raw data .HID files/Mixture dataset 1/Inj5 2017-05-01-09-45-24-128/Ladder_G03_21.hid
resources/data/2p_5p_Dataset_NFI/Raw data .HID files/Mixture dataset 1/Inj5 2017-05-01-09-45-24-128/1A4_G01_19.hid,resources/data/2p_5p_Dataset_NFI/Raw data .HID files/Mixture dataset 1/Inj5 2017-05-01-09-45-24-128/Ladder_G03_21.hid
resources/data/2p_5p_Dataset_NFI/Raw data .HID files/Mixture dataset 1/Inj5 2017-05-01-09-45-24-128/1A5_D01_10.hid,resources/data/2p_5p_Dataset_NFI/Raw data .HID files/Mixture dataset 1/Inj5 2017-05-01-09-45-24-128/Ladder_G03_21.hid
resources/data/2p_5p_Dataset_NFI/Raw data .HID files/Mixture dataset 1/Inj5 2017-05-01-09-45-24-128/1A5_H01_22.hid,resources/data/2p_5p_Dataset_NFI/Raw data .HID files/Mixture dataset 1/Inj5 2017-05-01-09-45-24-128/Ladder_G03_21.hid
resources/data/2p_5p_Dataset_NFI/Raw data .HID files/Mixture dataset 1/Inj5 2017-05-01-09-45-24-128/1B2_A02_02.hid,resources/data/2p_5p_Dataset_NFI/Raw data .HID files/Mixture dataset 1/Inj5 2017-05-01-09-45-24-128/Ladder_G03_21.hid
resources/data/2p_5p_Dataset_NFI/Raw data .HID files/Mixture dataset 1/Inj5 2017-05-01-09-45-24-128/1B2_E02_14.hid,resources/data/2p_5p_Dataset_NFI/Raw data .HID files/Mixture dataset 1/Inj5 2017-05-01-09-45-24-128/Ladder_G03_21.hid
resources/data/2p_5p_Dataset_NFI/Raw data .HID files/Mixture dataset 1/Inj5 2017-05-01-09-45-24-128/1B3_B02_05.hid,resources/data/2p_5p_Dataset_NFI/Raw data .HID files/Mixture dataset 1/Inj5 2017-05-01-09-45-24-128/Ladder_G03_21.hid
resources/data/2p_5p_Dataset_NFI/Raw data .HID files/Mixture dataset 1/Inj5 2017-05-01-09-45-24-128/1B3_F02_17.hid,resources/data/2p_5p_Dataset_NFI/Raw data .HID files/Mixture dataset 1/Inj5 2017-05-01-09-45-24-128/Ladder_G03_21.hid
resources/data/2p_5p_Dataset_NFI/Raw data .HID files/Mixture dataset 1/Inj5 2017-05-01-09-45-24-128/1B4_C02_08.hid,resources/data/2p_5p_Dataset_NFI/Raw data .HID files/Mixture dataset 1/Inj5 2017-05-01-09-45-24-128/Ladder_G03_21.hid
resources/data/2p_5p_Dataset_NFI/Raw data .HID files/Mixture dataset 1/Inj5 2017-05-01-09-45-24-128/1B4_G02_20.hid,resources/data/2p_5p_Dataset_NFI/Raw data .HID files/Mixture dataset 1/Inj5 2017-05-01-09-45-24-128/Ladder_G03_21.hid
resources/data/2p_5p_Dataset_NFI/Raw data .HID files/Mixture dataset 1/Inj5 2017-05-01-09-45-24-128/1B5_D02_11.hid,resources/data/2p_5p_Dataset_NFI/Raw data .HID files/Mixture dataset 1/Inj5 2017-05-01-09-45-24-128/Ladder_G03_21.hid
resources/data/2p_5p_Dataset_NFI/Raw data .HID files/Mixture dataset 1/Inj5 2017-05-01-09-45-24-128/1B5_H02_23.hid,resources/data/2p_5p_Dataset_NFI/Raw data .HID files/Mixture dataset 1/Inj5 2017-05-01-09-45-24-128/Ladder_G03_21.hid
resources/data/2p_5p_Dataset_NFI/Raw data .HID files/Mixture dataset 1/Inj5 2017-05-01-09-45-24-128/1C2_A03_03.hid,resources/data/2p_5p_Dataset_NFI/Raw data .HID files/Mixture dataset 1/Inj5 2017-05-01-09-45-24-128/Ladder_G03_21.hid
resources/data/2p_5p_Dataset_NFI/Raw data .HID files/Mixture dataset 1/Inj5 2017-05-01-09-45-24-128/1C3_B03_06.hid,resources/data/2p_5p_Dataset_NFI/Raw data .HID files/Mixture dataset 1/Inj5 2017-05-01-09-45-24-128/Ladder_G03_21.hid
resources/data/2p_5p_Dataset_NFI/Raw data .HID files/Mixture dataset 1/Inj5 2017-05-01-09-45-24-128/1C4_C03_09.hid,resources/data/2p_5p_Dataset_NFI/Raw data .HID files/Mixture dataset 1/Inj5 2017-05-01-09-45-24-128/Ladder_G03_21.hid
resources/data/2p_5p_Dataset_NFI/Raw data .HID files/Mixture dataset 1/Inj5 2017-05-01-09-45-24-128/1C5_D03_12.hid,resources/data/2p_5p_Dataset_NFI/Raw data .HID files/Mixture dataset 1/Inj5 2017-05-01-09-45-24-128/Ladder_G03_21.hid
resources/data/2p_5p_Dataset_NFI/Raw data .HID files/Mixture dataset 1/Inj6 2017-05-01-09-45-24-138/1A2_A06_03.hid,resources/data/2p_5p_Dataset_NFI/Raw data .HID files/Mixture dataset 1/Inj6 2017-05-01-09-45-24-138/Ladder_G06_21.hid
resources/data/2p_5p_Dataset_NFI/Raw data .HID files/Mixture dataset 1/Inj6 2017-05-01-09-45-24-138/1A3_B06_06.hid,resources/data/2p_5p_Dataset_NFI/Raw data .HID files/Mixture dataset 1/Inj6 2017-05-01-09-45-24-138/Ladder_G06_21.hid
resources/data/2p_5p_Dataset_NFI/Raw data .HID files/Mixture dataset 1/Inj6 2017-05-01-09-45-24-138/1A4_C06_09.hid,resources/data/2p_5p_Dataset_NFI/Raw data .HID files/Mixture dataset 1/Inj6 2017-05-01-09-45-24-138/Ladder_G06_21.hid
resources/data/2p_5p_Dataset_NFI/Raw data .HID files/Mixture dataset 1/Inj6 2017-05-01-09-45-24-138/1A5_D06_12.hid,resources/data/2p_5p_Dataset_NFI/Raw data .HID files/Mixture dataset 1/Inj6 2017-05-01-09-45-24-138/Ladder_G06_21.hid
resources/data/2p_5p_Dataset_NFI/Raw data .HID files/Mixture dataset 1/Inj6 2017-05-01-09-45-24-138/1C2_E04_13.hid,resources/data/2p_5p_Dataset_NFI/Raw data .HID files/Mixture dataset 1/Inj6 2017-05-01-09-45-24-138/Ladder_G06_21.hid
resources/data/2p_5p_Dataset_NFI/Raw data .HID files/Mixture dataset 1/Inj6 2017-05-01-09-45-24-138/1C3_F04_16.hid,resources/data/2p_5p_Dataset_NFI/Raw data .HID files/Mixture dataset 1/Inj6 2017-05-01-09-45-24-138/Ladder_G06_21.hid
resources/data/2p_5p_Dataset_NFI/Raw data .HID files/Mixture dataset 1/Inj6 2017-05-01-09-45-24-138/1C4_G04_19.hid,resources/data/2p_5p_Dataset_NFI/Raw data .HID files/Mixture dataset 1/Inj6 2017-05-01-09-45-24-138/Ladder_G06_21.hid
resources/data/2p_5p_Dataset_NFI/Raw data .HID files/Mixture dataset 1/Inj6 2017-05-01-09-45-24-138/1C5_H04_22.hid,resources/data/2p_5p_Dataset_NFI/Raw data .HID files/Mixture dataset 1/Inj6 2017-05-01-09-45-24-138/Ladder_G06_21.hid
resources/data/2p_5p_Dataset_NFI/Raw data .HID files/Mixture dataset 1/Inj6 2017-05-01-09-45-24-138/1D2_A04_01.hid,resources/data/2p_5p_Dataset_NFI/Raw data .HID files/Mixture dataset 1/Inj6 2017-05-01-09-45-24-138/Ladder_G06_21.hid
resources/data/2p_5p_Dataset_NFI/Raw data .HID files/Mixture dataset 1/Inj6 2017-05-01-09-45-24-138/1D2_A09_03.hid,resources/data/2p_5p_Dataset_NFI/Raw data .HID files/Mixture dataset 1/Inj6 2017-05-01-09-45-24-138/Ladder_G06_21.hid
resources/data/2p_5p_Dataset_NFI/Raw data .HID files/Mixture dataset 1/Inj6 2017-05-01-09-45-24-138/1D3_B04_04.hid,resources/data/2p_5p_Dataset_NFI/Raw data .HID files/Mixture dataset 1/Inj6 2017-05-01-09-45-24-138/Ladder_G06_21.hid
resources/data/2p_5p_Dataset_NFI/Raw data .HID files/Mixture dataset 1/Inj6 2017-05-01-09-45-24-138/1D3_B09_06.hid,resources/data/2p_5p_Dataset_NFI/Raw data .HID files/Mixture dataset 1/Inj6 2017-05-01-09-45-24-138/Ladder_G06_21.hid
resources/data/2p_5p_Dataset_NFI/Raw data .HID files/Mixture dataset 1/Inj6 2017-05-01-09-45-24-138/1D4_C04_07.hid,resources/data/2p_5p_Dataset_NFI/Raw data .HID files/Mixture dataset 1/Inj6 2017-05-01-09-45-24-138/Ladder_G06_21.hid
resources/data/2p_5p_Dataset_NFI/Raw data .HID files/Mixture dataset 1/Inj6 2017-05-01-09-45-24-138/1D4_C09_09.hid,resources/data/2p_5p_Dataset_NFI/Raw data .HID files/Mixture dataset 1/Inj6 2017-05-01-09-45-24-138/Ladder_G06_21.hid
resources/data/2p_5p_Dataset_NFI/Raw data .HID files/Mixture dataset 1/Inj6 2017-05-01-09-45-24-138/1D5_D04_10.hid,resources/data/2p_5p_Dataset_NFI/Raw data .HID files/Mixture dataset 1/Inj6 2017-05-01-09-45-24-138/Ladder_G06_21.hid
resources/data/2p_5p_Dataset_NFI/Raw data .HID files/Mixture dataset 1/Inj6 2017-05-01-09-45-24-138/1D5_D09_12.hid,resources/data/2p_5p_Dataset_NFI/Raw data .HID files/Mixture dataset 1/Inj6 2017-05-01-09-45-24-138/Ladder_G06_21.hid
resources/data/2p_5p_Dataset_NFI/Raw data .HID files/Mixture dataset 1/Inj6 2017-05-01-09-45-24-138/1E2_A05_02.hid,resources/data/2p_5p_Dataset_NFI/Raw data .HID files/Mixture dataset 1/Inj6 2017-05-01-09-45-24-138/Ladder_G06_21.hid
resources/data/2p_5p_Dataset_NFI/Raw data .HID files/Mixture dataset 1/Inj6 2017-05-01-09-45-24-138/1E2_E08_14.hid,resources/data/2p_5p_Dataset_NFI/Raw data .HID files/Mixture dataset 1/Inj6 2017-05-01-09-45-24-138/Ladder_G06_21.hid
resources/data/2p_5p_Dataset_NFI/Raw data .HID files/Mixture dataset 1/Inj6 2017-05-01-09-45-24-138/1E3_B05_05.hid,resources/data/2p_5p_Dataset_NFI/Raw data .HID files/Mixture dataset 1/Inj6 2017-05-01-09-45-24-138/Ladder_G06_21.hid
resources/data/2p_5p_Dataset_NFI/Raw data .HID files/Mixture dataset 1/Inj6 2017-05-01-09-45-24-138/1E3_F08_17.hid,resources/data/2p_5p_Dataset_NFI/Raw data .HID files/Mixture dataset 1/Inj6 2017-05-01-09-45-24-138/Ladder_G06_21.hid
resources/data/2p_5p_Dataset_NFI/Raw data .HID files/Mixture dataset 1/Inj6 2017-05-01-09-45-24-138/1E4_G05_20.hid,resources/data/2p_5p_Dataset_NFI/Raw data .HID files/Mixture dataset 1/Inj6 2017-05-01-09-45-24-138/Ladder_G06_21.hid
resources/data/2p_5p_Dataset_NFI/Raw data .HID files/Mixture dataset 1/Inj6 2017-05-01-09-45-24-138/1E5_H05_23.hid,resources/data/2p_5p_Dataset_NFI/Raw data .HID files/Mixture dataset 1/Inj6 2017-05-01-09-45-24-138/Ladder_G06_21.hid
resources/data/2p_5p_Dataset_NFI/Raw data .HID files/Mixture dataset 1/Inj7 2017-05-01-09-45-24-148/1B2_A07_01.hid,resources/data/2p_5p_Dataset_NFI/Raw data .HID files/Mixture dataset 1/Inj7 2017-05-01-09-45-24-148/Ladder_G09_21.hid
resources/data/2p_5p_Dataset_NFI/Raw data .HID files/Mixture dataset 1/Inj7 2017-05-01-09-45-24-148/1B3_B07_04.hid,resources/data/2p_5p_Dataset_NFI/Raw data .HID files/Mixture dataset 1/Inj7 2017-05-01-09-45-24-148/Ladder_G09_21.hid
resources/data/2p_5p_Dataset_NFI/Raw data .HID files/Mixture dataset 1/Inj7 2017-05-01-09-45-24-148/1B4_C07_07.hid,resources/data/2p_5p_Dataset_NFI/Raw data .HID files/Mixture dataset 1/Inj7 2017-05-01-09-45-24-148/Ladder_G09_21.hid
resources/data/2p_5p_Dataset_NFI/Raw data .HID files/Mixture dataset 1/Inj7 2017-05-01-09-45-24-148/1B5_D07_10.hid,resources/data/2p_5p_Dataset_NFI/Raw data .HID files/Mixture dataset 1/Inj7 2017-05-01-09-45-24-148/Ladder_G09_21.hid
resources/data/2p_5p_Dataset_NFI/Raw data .HID files/Mixture dataset 1/Inj7 2017-05-01-09-45-24-148/1C2_A08_02.hid,resources/data/2p_5p_Dataset_NFI/Raw data .HID files/Mixture dataset 1/Inj7 2017-05-01-09-45-24-148/Ladder_G09_21.hid
resources/data/2p_5p_Dataset_NFI/Raw data .HID files/Mixture dataset 1/Inj7 2017-05-01-09-45-24-148/1C3_B08_05.hid,resources/data/2p_5p_Dataset_NFI/Raw data .HID files/Mixture dataset 1/Inj7 2017-05-01-09-45-24-148/Ladder_G09_21.hid
resources/data/2p_5p_Dataset_NFI/Raw data .HID files/Mixture dataset 1/Inj7 2017-05-01-09-45-24-148/1C4_C08_08.hid,resources/data/2p_5p_Dataset_NFI/Raw data .HID files/Mixture dataset 1/Inj7 2017-05-01-09-45-24-148/Ladder_G09_21.hid
resources/data/2p_5p_Dataset_NFI/Raw data .HID files/Mixture dataset 1/Inj7 2017-05-01-09-45-24-148/1C5_D08_11.hid,resources/data/2p_5p_Dataset_NFI/Raw data .HID files/Mixture dataset 1/Inj7 2017-05-01-09-45-24-148/Ladder_G09_21.hid
resources/data/2p_5p_Dataset_NFI/Raw data .HID files/Mixture dataset 1/Inj7 2017-05-01-09-45-24-148/1D2_rerun_A04_01.hid,resources/data/2p_5p_Dataset_NFI/Raw data .HID files/Mixture dataset 1/Inj7 2017-05-01-09-45-24-148/ladder_G05_20.hid
resources/data/2p_5p_Dataset_NFI/Raw data .HID files/Mixture dataset 1/Inj7 2017-05-01-09-45-24-148/1D3_rerun_B04_04.hid,resources/data/2p_5p_Dataset_NFI/Raw data .HID files/Mixture dataset 1/Inj7 2017-05-01-09-45-24-148/ladder_H05_23.hid
resources/data/2p_5p_Dataset_NFI/Raw data .HID files/Mixture dataset 1/Inj7 2017-05-01-09-45-24-148/1D4_rerun_C04_07.hid,resources/data/2p_5p_Dataset_NFI/Raw data .HID files/Mixture dataset 1/Inj7 2017-05-01-09-45-24-148/ladder_G05_20.hid
resources/data/2p_5p_Dataset_NFI/Raw data .HID files/Mixture dataset 1/Inj7 2017-05-01-09-45-24-148/1D5_rerun_D04_10.hid,resources/data/2p_5p_Dataset_NFI/Raw data .HID files/Mixture dataset 1/Inj7 2017-05-01-09-45-24-148/ladder_G05_20.hid
resources/data/2p_5p_Dataset_NFI/Raw data .HID files/Mixture dataset 1/Inj7 2017-05-01-09-45-24-148/1E2_rerun_E04_13.hid,resources/data/2p_5p_Dataset_NFI/Raw data .HID files/Mixture dataset 1/Inj7 2017-05-01-09-45-24-148/ladder_G05_20.hid
resources/data/2p_5p_Dataset_NFI/Raw data .HID files/Mixture dataset 1/Inj7 2017-05-01-09-45-24-148/1E3_rerun_F04_16.hid,resources/data/2p_5p_Dataset_NFI/Raw data .HID files/Mixture dataset 1/Inj7 2017-05-01-09-45-24-148/ladder_G05_20.hid
resources/data/2p_5p_Dataset_NFI/Raw data .HID files/Mixture dataset 1/Inj7 2017-05-01-09-45-24-148/1E4_G08_20.hid,resources/data/2p_5p_Dataset_NFI/Raw data .HID files/Mixture dataset 1/Inj7 2017-05-01-09-45-24-148/Ladder_G09_21.hid
resources/data/2p_5p_Dataset_NFI/Raw data .HID files/Mixture dataset 1/Inj7 2017-05-01-09-45-24-148/1E5_H08_23.hid,resources/data/2p_5p_Dataset_NFI/Raw data .HID files/Mixture dataset 1/Inj7 2017-05-01-09-45-24-148/Ladder_G09_21.hid
resources/data/2p_5p_Dataset_NFI/Raw data .HID files/Mixture dataset 2/Inj1 2017-05-12-10-13-31-839/2A2_A01_01.hid,resources/data/2p_5p_Dataset_NFI/Raw data .HID files/Mixture dataset 2/Inj1 2017-05-12-10-13-31-839/Ladder_G03_21.hid
resources/data/2p_5p_Dataset_NFI/Raw data .HID files/Mixture dataset 2/Inj1 2017-05-12-10-13-31-839/2A2_A02_02.hid,resources/data/2p_5p_Dataset_NFI/Raw data .HID files/Mixture dataset 2/Inj1 2017-05-12-10-13-31-839/Ladder_G03_21.hid
resources/data/2p_5p_Dataset_NFI/Raw data .HID files/Mixture dataset 2/Inj1 2017-05-12-10-13-31-839/2A2_E01_13.hid,resources/data/2p_5p_Dataset_NFI/Raw data .HID files/Mixture dataset 2/Inj1 2017-05-12-10-13-31-839/Ladder_G03_21.hid
resources/data/2p_5p_Dataset_NFI/Raw data .HID files/Mixture dataset 2/Inj1 2017-05-12-10-13-31-839/2A3_B01_04.hid,resources/data/2p_5p_Dataset_NFI/Raw data .HID files/Mixture dataset 2/Inj1 2017-05-12-10-13-31-839/Ladder_G03_21.hid
resources/data/2p_5p_Dataset_NFI/Raw data .HID files/Mixture dataset 2/Inj1 2017-05-12-10-13-31-839/2A3_B02_05.hid,resources/data/2p_5p_Dataset_NFI/Raw data .HID files/Mixture dataset 2/Inj1 2017-05-12-10-13-31-839/Ladder_G03_21.hid
resources/data/2p_5p_Dataset_NFI/Raw data .HID files/Mixture dataset 2/Inj1 2017-05-12-10-13-31-839/2A3_F01_16.hid,resources/data/2p_5p_Dataset_NFI/Raw data .HID files/Mixture dataset 2/Inj1 2017-05-12-10-13-31-839/Ladder_H03_24.hid
resources/data/2p_5p_Dataset_NFI/Raw data .HID files/Mixture dataset 2/Inj1 2017-05-12-10-13-31-839/2A4_C01_07.hid,resources/data/2p_5p_Dataset_NFI/Raw data .HID files/Mixture dataset 2/Inj1 2017-05-12-10-13-31-839/Ladder_G03_21.hid
resources/data/2p_5p_Dataset_NFI/Raw data .HID files/Mixture dataset 2/Inj1 2017-05-12-10-13-31-839/2A4_C02_08.hid,resources/data/2p_5p_Dataset_NFI/Raw data .HID files/Mixture dataset 2/Inj1 2017-05-12-10-13-31-839/Ladder_G03_21.hid
resources/data/2p_5p_Dataset_NFI/Raw data .HID files/Mixture dataset 2/Inj1 2017-05-12-10-13-31-839/2A4_G01_19.hid,resources/data/2p_5p_Dataset_NFI/Raw data .HID files/Mixture dataset 2/Inj1 2017-05-12-10-13-31-839/Ladder_H03_24.hid
resources/data/2p_5p_Dataset_NFI/Raw data .HID files/Mixture dataset 2/Inj1 2017-05-12-10-13-31-839/2A5_D01_10.hid,resources/data/2p_5p_Dataset_NFI/Raw data .HID files/Mixture dataset 2/Inj1 2017-05-12-10-13-31-839/Ladder_G03_21.hid
resources/data/2p_5p_Dataset_NFI/Raw data .HID files/Mixture dataset 2/Inj1 2017-05-12-10-13-31-839/2A5_D02_11.hid,resources/data/2p_5p_Dataset_NFI/Raw data .HID files/Mixture dataset 2/Inj1 2017-05-12-10-13-31-839/Ladder_G03_21.hid
resources/data/2p_5p_Dataset_NFI/Raw data .HID files/Mixture dataset 2/Inj1 2017-05-12-10-13-31-839/2A5_H01_22.hid,resources/data/2p_5p_Dataset_NFI/Raw data .HID files/Mixture dataset 2/Inj1 2017-05-12-10-13-31-839/Ladder_G03_21.hid
resources/data/2p_5p_Dataset_NFI/Raw data .HID files/Mixture dataset 2/Inj1 2017-05-12-10-13-31-839/2B2_A03_03.hid,resources/data/2p_5p_Dataset_NFI/Raw data .HID files/Mixture dataset 2/Inj1 2017-05-12-10-13-31-839/Ladder_G03_21.hid
resources/data/2p_5p_Dataset_NFI/Raw data .HID files/Mixture dataset 2/Inj1 2017-05-12-10-13-31-839/2B2_E02_14.hid,resources/data/2p_5p_Dataset_NFI/Raw data .HID files/Mixture dataset 2/Inj1 2017-05-12-10-13-31-839/Ladder_G03_21.hid
resources/data/2p_5p_Dataset_NFI/Raw data .HID files/Mixture dataset 2/Inj1 2017-05-12-10-13-31-839/2B3_B03_06.hid,resources/data/2p_5p_Dataset_NFI/Raw data .HID files/Mixture dataset 2/Inj1 2017-05-12-10-13-31-839/Ladder_G03_21.hid
resources/data/2p_5p_Dataset_NFI/Raw data .HID files/Mixture dataset 2/Inj1 2017-05-12-10-13-31-839/2B3_F02_17.hid,resources/data/2p_5p_Dataset_NFI/Raw data .HID files/Mixture dataset 2/Inj1 2017-05-12-10-13-31-839/Ladder_G03_21.hid
resources/data/2p_5p_Dataset_NFI/Raw data .HID files/Mixture dataset 2/Inj1 2017-05-12-10-13-31-839/2B4_C03_09.hid,resources/data/2p_5p_Dataset_NFI/Raw data .HID files/Mixture dataset 2/Inj1 2017-05-12-10-13-31-839/Ladder_G03_21.hid
resources/data/2p_5p_Dataset_NFI/Raw data .HID files/Mixture dataset 2/Inj1 2017-05-12-10-13-31-839/2B4_G02_20.hid,resources/data/2p_5p_Dataset_NFI/Raw data .HID files/Mixture dataset 2/Inj1 2017-05-12-10-13-31-839/Ladder_G03_21.hid
resources/data/2p_5p_Dataset_NFI/Raw data .HID files/Mixture dataset 2/Inj1 2017-05-12-10-13-31-839/2B5_D03_12.hid,resources/data/2p_5p_Dataset_NFI/Raw data .HID files/Mixture dataset 2/Inj1 2017-05-12-10-13-31-839/Ladder_G03_21.hid
resources/data/2p_5p_Dataset_NFI/Raw data .HID files/Mixture dataset 2/Inj1 2017-05-12-10-13-31-839/2B5_H02_23.hid,resources/data/2p_5p_Dataset_NFI/Raw data .HID files/Mixture dataset 2/Inj1 2017-05-12-10-13-31-839/Ladder_G03_21.hid
resources/data/2p_5p_Dataset_NFI/Raw data .HID files/Mixture dataset 2/Inj2 2017-05-12-10-13-31-849/2B2_A04_01.hid,resources/data/2p_5p_Dataset_NFI/Raw data .HID files/Mixture dataset 2/Inj2 2017-05-12-10-13-31-849/Ladder_G06_21.hid
resources/data/2p_5p_Dataset_NFI/Raw data .HID files/Mixture dataset 2/Inj2 2017-05-12-10-13-31-849/2B3_B04_04.hid,resources/data/2p_5p_Dataset_NFI/Raw data .HID files/Mixture dataset 2/Inj2 2017-05-12-10-13-31-849/Ladder_G06_21.hid
resources/data/2p_5p_Dataset_NFI/Raw data .HID files/Mixture dataset 2/Inj2 2017-05-12-10-13-31-849/2B4_C04_07.hid,resources/data/2p_5p_Dataset_NFI/Raw data .HID files/Mixture dataset 2/Inj2 2017-05-12-10-13-31-849/Ladder_G06_21.hid
resources/data/2p_5p_Dataset_NFI/Raw data .HID files/Mixture dataset 2/Inj2 2017-05-12-10-13-31-849/2B5_D04_10.hid,resources/data/2p_5p_Dataset_NFI/Raw data .HID files/Mixture dataset 2/Inj2 2017-05-12-10-13-31-849/Ladder_G06_21.hid
resources/data/2p_5p_Dataset_NFI/Raw data .HID files/Mixture dataset 2/Inj2 2017-05-12-10-13-31-849/2C2_A05_02.hid,resources/data/2p_5p_Dataset_NFI/Raw data .HID files/Mixture dataset 2/Inj2 2017-05-12-10-13-31-849/Ladder_G06_21.hid
resources/data/2p_5p_Dataset_NFI/Raw data .HID files/Mixture dataset 2/Inj2 2017-05-12-10-13-31-849/2C2_E04_13.hid,resources/data/2p_5p_Dataset_NFI/Raw data .HID files/Mixture dataset 2/Inj2 2017-05-12-10-13-31-849/Ladder_G06_21.hid
resources/data/2p_5p_Dataset_NFI/Raw data .HID files/Mixture dataset 2/Inj2 2017-05-12-10-13-31-849/2C2_E05_14.hid,resources/data/2p_5p_Dataset_NFI/Raw data .HID files/Mixture dataset 2/Inj2 2017-05-12-10-13-31-849/Ladder_G06_21.hid
resources/data/2p_5p_Dataset_NFI/Raw data .HID files/Mixture dataset 2/Inj2 2017-05-12-10-13-31-849/2C3_B05_05.hid,resources/data/2p_5p_Dataset_NFI/Raw data .HID files/Mixture dataset 2/Inj2 2017-05-12-10-13-31-849/Ladder_G06_21.hid
resources/data/2p_5p_Dataset_NFI/Raw data .HID files/Mixture dataset 2/Inj2 2017-05-12-10-13-31-849/2C3_F04_16.hid,resources/data/2p_5p_Dataset_NFI/Raw data .HID files/Mixture dataset 2/Inj2 2017-05-12-10-13-31-849/Ladder_G06_21.hid
resources/data/2p_5p_Dataset_NFI/Raw data .HID files/Mixture dataset 2/Inj2 2017-05-12-10-13-31-849/2C3_F05_17.hid,resources/data/2p_5p_Dataset_NFI/Raw data .HID files/Mixture dataset 2/Inj2 2017-05-12-10-13-31-849/Ladder_G06_21.hid
resources/data/2p_5p_Dataset_NFI/Raw data .HID files/Mixture dataset 2/Inj2 2017-05-12-10-13-31-849/2C4_C05_08.hid,resources/data/2p_5p_Dataset_NFI/Raw data .HID files/Mixture dataset 2/Inj2 2017-05-12-10-13-31-849/Ladder_G06_21.hid
resources/data/2p_5p_Dataset_NFI/Raw data .HID files/Mixture dataset 2/Inj2 2017-05-12-10-13-31-849/2C4_G04_19.hid,resources/data/2p_5p_Dataset_NFI/Raw data .HID files/Mixture dataset 2/Inj2 2017-05-12-10-13-31-849/Ladder_G06_21.hid
resources/data/2p_5p_Dataset_NFI/Raw data .HID files/Mixture dataset 2/Inj2 2017-05-12-10-13-31-849/2C4_G05_20.hid,resources/data/2p_5p_Dataset_NFI/Raw data .HID files/Mixture dataset 2/Inj2 2017-05-12-10-13-31-849/Ladder_G06_21.hid
resources/data/2p_5p_Dataset_NFI/Raw data .HID files/Mixture dataset 2/Inj2 2017-05-12-10-13-31-849/2C5_D05_11.hid,resources/data/2p_5p_Dataset_NFI/Raw data .HID files/Mixture dataset 2/Inj2 2017-05-12-10-13-31-849/Ladder_G06_21.hid
resources/data/2p_5p_Dataset_NFI/Raw data .HID files/Mixture dataset 2/Inj2 2017-05-12-10-13-31-849/2C5_H04_22.hid,resources/data/2p_5p_Dataset_NFI/Raw data .HID files/Mixture dataset 2/Inj2 2017-05-12-10-13-31-849/Ladder_G06_21.hid
resources/data/2p_5p_Dataset_NFI/Raw data .HID files/Mixture dataset 2/Inj2 2017-05-12-10-13-31-849/2C5_H05_23.hid,resources/data/2p_5p_Dataset_NFI/Raw data .HID files/Mixture dataset 2/Inj2 2017-05-12-10-13-31-849/Ladder_G06_21.hid
resources/data/2p_5p_Dataset_NFI/Raw data .HID files/Mixture dataset 2/Inj2 2017-05-12-10-13-31-849/2D2_A06_03.hid,resources/data/2p_5p_Dataset_NFI/Raw data .HID files/Mixture dataset 2/Inj2 2017-05-12-10-13-31-849/Ladder_G06_21.hid
resources/data/2p_5p_Dataset_NFI/Raw data .HID files/Mixture dataset 2/Inj2 2017-05-12-10-13-31-849/2D3_B06_06.hid,resources/data/2p_5p_Dataset_NFI/Raw data .HID files/Mixture dataset 2/Inj2 2017-05-12-10-13-31-849/Ladder_G06_21.hid
resources/data/2p_5p_Dataset_NFI/Raw data .HID files/Mixture dataset 2/Inj2 2017-05-12-10-13-31-849/2D4_C06_09.hid,resources/data/2p_5p_Dataset_NFI/Raw data .HID files/Mixture dataset 2/Inj2 2017-05-12-10-13-31-849/Ladder_G06_21.hid
resources/data/2p_5p_Dataset_NFI/Raw data .HID files/Mixture dataset 2/Inj2 2017-05-12-10-13-31-849/2D5_D06_12.hid,resources/data/2p_5p_Dataset_NFI/Raw data .HID files/Mixture dataset 2/Inj2 2017-05-12-10-13-31-849/Ladder_G06_21.hid
resources/data/2p_5p_Dataset_NFI/Raw data .HID files/Mixture dataset 2/Inj3 2017-05-12-10-13-31-859/2D2_A07_01.hid,resources/data/2p_5p_Dataset_NFI/Raw data .HID files/Mixture dataset 2/Inj3 2017-05-12-10-13-31-859/Ladder_G09_21.hid
resources/data/2p_5p_Dataset_NFI/Raw data .HID files/Mixture dataset 2/Inj3 2017-05-12-10-13-31-859/2D2_E07_13.hid,resources/data/2p_5p_Dataset_NFI/Raw data .HID files/Mixture dataset 2/Inj3 2017-05-12-10-13-31-859/Ladder_G09_21.hid
resources/data/2p_5p_Dataset_NFI/Raw data .HID files/Mixture dataset 2/Inj3 2017-05-12-10-13-31-859/2D3_B07_04.hid,resources/data/2p_5p_Dataset_NFI/Raw data .HID files/Mixture dataset 2/Inj3 2017-05-12-10-13-31-859/Ladder_G09_21.hid
resources/data/2p_5p_Dataset_NFI/Raw data .HID files/Mixture dataset 2/Inj3 2017-05-12-10-13-31-859/2D3_F07_16.hid,resources/data/2p_5p_Dataset_NFI/Raw data .HID files/Mixture dataset 2/Inj3 2017-05-12-10-13-31-859/Ladder_G09_21.hid
resources/data/2p_5p_Dataset_NFI/Raw data .HID files/Mixture dataset 2/Inj3 2017-05-12-10-13-31-859/2D4_C07_07.hid,resources/data/2p_5p_Dataset_NFI/Raw data .HID files/Mixture dataset 2/Inj3 2017-05-12-10-13-31-859/Ladder_G09_21.hid
resources/data/2p_5p_Dataset_NFI/Raw data .HID files/Mixture dataset 2/Inj3 2017-05-12-10-13-31-859/2D4_G07_19.hid,resources/data/2p_5p_Dataset_NFI/Raw data .HID files/Mixture dataset 2/Inj3 2017-05-12-10-13-31-859/Ladder_G09_21.hid
resources/data/2p_5p_Dataset_NFI/Raw data .HID files/Mixture dataset 2/Inj3 2017-05-12-10-13-31-859/2D5_D07_10.hid,resources/data/2p_5p_Dataset_NFI/Raw data .HID files/Mixture dataset 2/Inj3 2017-05-12-10-13-31-859/Ladder_G09_21.hid
resources/data/2p_5p_Dataset_NFI/Raw data .HID files/Mixture dataset 2/Inj3 2017-05-12-10-13-31-859/2D5_H07_22.hid,resources/data/2p_5p_Dataset_NFI/Raw data .HID files/Mixture dataset 2/Inj3 2017-05-12-10-13-31-859/Ladder_G09_21.hid
resources/data/2p_5p_Dataset_NFI/Raw data .HID files/Mixture dataset 2/Inj3 2017-05-12-10-13-31-859/2E2_A08_02.hid,resources/data/2p_5p_Dataset_NFI/Raw data .HID files/Mixture dataset 2/Inj3 2017-05-12-10-13-31-859/Ladder_G09_21.hid
resources/data/2p_5p_Dataset_NFI/Raw data .HID files/Mixture dataset 2/Inj3 2017-05-12-10-13-31-859/2E2_A09_03.hid,resources/data/2p_5p_Dataset_NFI/Raw data .HID files/Mixture dataset 2/Inj3 2017-05-12-10-13-31-859/Ladder_G09_21.hid
resources/data/2p_5p_Dataset_NFI/Raw data .HID files/Mixture dataset 2/Inj3 2017-05-12-10-13-31-859/2E2_E08_14.hid,resources/data/2p_5p_Dataset_NFI/Raw data .HID files/Mixture dataset 2/Inj3 2017-05-12-10-13-31-859/Ladder_G09_21.hid
resources/data/2p_5p_Dataset_NFI/Raw data .HID files/Mixture dataset 2/Inj3 2017-05-12-10-13-31-859/2E3_rerun_B01.hid,resources/data/2p_5p_Dataset_NFI/Raw data .HID files/Mixture dataset 2/Inj3 2017-05-12-10-13-31-859/Ladder_G03_21.hid
resources/data/2p_5p_Dataset_NFI/Raw data .HID files/Mixture dataset 2/Inj3 2017-05-12-10-13-31-859/2E3_rerun_B02.hid,resources/data/2p_5p_Dataset_NFI/Raw data .HID files/Mixture dataset 2/Inj3 2017-05-12-10-13-31-859/Ladder_G03_21.hid
resources/data/2p_5p_Dataset_NFI/Raw data .HID files/Mixture dataset 2/Inj3 2017-05-12-10-13-31-859/2E3_rerun_B03.hid,resources/data/2p_5p_Dataset_NFI/Raw data .HID files/Mixture dataset 2/Inj3 2017-05-12-10-13-31-859/Ladder_G03_21.hid
resources/data/2p_5p_Dataset_NFI/Raw data .HID files/Mixture dataset 2/Inj3 2017-05-12-10-13-31-859/2E4_rerun_C01.hid,resources/data/2p_5p_Dataset_NFI/Raw data .HID files/Mixture dataset 2/Inj3 2017-05-12-10-13-31-859/Ladder_G03_21.hid
resources/data/2p_5p_Dataset_NFI/Raw data .HID files/Mixture dataset 2/Inj3 2017-05-12-10-13-31-859/2E4_rerun_C02.hid,resources/data/2p_5p_Dataset_NFI/Raw data .HID files/Mixture dataset 2/Inj3 2017-05-12-10-13-31-859/Ladder_G03_21.hid
resources/data/2p_5p_Dataset_NFI/Raw data .HID files/Mixture dataset 2/Inj3 2017-05-12-10-13-31-859/2E4_rerun_C03.hid,resources/data/2p_5p_Dataset_NFI/Raw data .HID files/Mixture dataset 2/Inj3 2017-05-12-10-13-31-859/Ladder_G03_21.hid
resources/data/2p_5p_Dataset_NFI/Raw data .HID files/Mixture dataset 2/Inj3 2017-05-12-10-13-31-859/2E5_A06_03.hid,resources/data/2p_5p_Dataset_NFI/Raw data .HID files/Mixture dataset 2/Inj3 2017-05-12-10-13-31-859/ladder_G05_20.hid
resources/data/2p_5p_Dataset_NFI/Raw data .HID files/Mixture dataset 2/Inj3 2017-05-12-10-13-31-859/2E5_B06_06.hid,resources/data/2p_5p_Dataset_NFI/Raw data .HID files/Mixture dataset 2/Inj3 2017-05-12-10-13-31-859/ladder_G05_20.hid
resources/data/2p_5p_Dataset_NFI/Raw data .HID files/Mixture dataset 2/Inj3 2017-05-12-10-13-31-859/2E5_C06_09.hid,resources/data/2p_5p_Dataset_NFI/Raw data .HID files/Mixture dataset 2/Inj3 2017-05-12-10-13-31-859/ladder_G05_20.hid
resources/data/2p_5p_Dataset_NFI/Raw data .HID files/Mixture dataset 3/Inj4 2017-05-12-10-13-31-869/3A2_A01_01.hid,resources/data/2p_5p_Dataset_NFI/Raw data .HID files/Mixture dataset 3/Inj4 2017-05-12-10-13-31-869/Ladder_G03_21.hid
resources/data/2p_5p_Dataset_NFI/Raw data .HID files/Mixture dataset 3/Inj4 2017-05-12-10-13-31-869/3A2_A02_02.hid,resources/data/2p_5p_Dataset_NFI/Raw data .HID files/Mixture dataset 3/Inj4 2017-05-12-10-13-31-869/Ladder_G03_21.hid
resources/data/2p_5p_Dataset_NFI/Raw data .HID files/Mixture dataset 3/Inj4 2017-05-12-10-13-31-869/3A2_E01_13.hid,resources/data/2p_5p_Dataset_NFI/Raw data .HID files/Mixture dataset 3/Inj4 2017-05-12-10-13-31-869/Ladder_G03_21.hid
resources/data/2p_5p_Dataset_NFI/Raw data .HID files/Mixture dataset 3/Inj4 2017-05-12-10-13-31-869/3A3_B01_04.hid,resources/data/2p_5p_Dataset_NFI/Raw data .HID files/Mixture dataset 3/Inj4 2017-05-12-10-13-31-869/Ladder_G03_21.hid
resources/data/2p_5p_Dataset_NFI/Raw data .HID files/Mixture dataset 3/Inj4 2017-05-12-10-13-31-869/3A3_B02_05.hid,resources/data/2p_5p_Dataset_NFI/Raw data .HID files/Mixture dataset 3/Inj4 2017-05-12-10-13-31-869/Ladder_G03_21.hid
resources/data/2p_5p_Dataset_NFI/Raw data .HID files/Mixture dataset 3/Inj4 2017-05-12-10-13-31-869/3A3_F01_16.hid,resources/data/2p_5p_Dataset_NFI/Raw data .HID files/Mixture dataset 3/Inj4 2017-05-12-10-13-31-869/Ladder_G03_21.hid
resources/data/2p_5p_Dataset_NFI/Raw data .HID files/Mixture dataset 3/Inj4 2017-05-12-10-13-31-869/3A4_C01_07.hid,resources/data/2p_5p_Dataset_NFI/Raw data .HID files/Mixture dataset 3/Inj4 2017-05-12-10-13-31-869/Ladder_G03_21.hid
resources/data/2p_5p_Dataset_NFI/Raw data .HID files/Mixture dataset 3/Inj4 2017-05-12-10-13-31-869/3A4_C02_08.hid,resources/data/2p_5p_Dataset_NFI/Raw data .HID files/Mixture dataset 3/Inj4 2017-05-12-10-13-31-869/Ladder_G03_21.hid
resources/data/2p_5p_Dataset_NFI/Raw data .HID files/Mixture dataset 3/Inj4 2017-05-12-10-13-31-869/3A4_G01_19.hid,resources/data/2p_5p_Dataset_NFI/Raw data .HID files/Mixture dataset 3/Inj4 2017-05-12-10-13-31-869/Ladder_G03_21.hid
resources/data/2p_5p_Dataset_NFI/Raw data .HID files/Mixture dataset 3/Inj4 2017-05-12-10-13-31-869/3A5_D01_10.hid,resources/data/2p_5p_Dataset_NFI/Raw data .HID files/Mixture dataset 3/Inj4 2017-05-12-10-13-31-869/Ladder_G03_21.hid
resources/data/2p_5p_Dataset_NFI/Raw data .HID files/Mixture dataset 3/Inj4 2017-05-12-10-13-31-869/3A5_D02_11.hid,resources/data/2p_5p_Dataset_NFI/Raw data .HID files/Mixture dataset 3/Inj4 2017-05-12-10-13-31-869/Ladder_G03_21.hid
resources/data/2p_5p_Dataset_NFI/Raw data .HID files/Mixture dataset 3/Inj4 2017-05-12-10-13-31-869/3A5_H01_22.hid,resources/data/2p_5p_Dataset_NFI/Raw data .HID files/Mixture dataset 3/Inj4 2017-05-12-10-13-31-869/Ladder_G03_21.hid
resources/data/2p_5p_Dataset_NFI/Raw data .HID files/Mixture dataset 3/Inj4 2017-05-12-10-13-31-869/3B3_F02_17.hid,resources/data/2p_5p_Dataset_NFI/Raw data .HID files/Mixture dataset 3/Inj4 2017-05-12-10-13-31-869/Ladder_G03_21.hid
resources/data/2p_5p_Dataset_NFI/Raw data .HID files/Mixture dataset 3/Inj4 2017-05-12-10-13-31-869/3B4_C03_09.hid,resources/data/2p_5p_Dataset_NFI/Raw data .HID files/Mixture dataset 3/Inj4 2017-05-12-10-13-31-869/Ladder_G03_21.hid
resources/data/2p_5p_Dataset_NFI/Raw data .HID files/Mixture dataset 3/Inj4 2017-05-12-10-13-31-869/3B4_G02_20.hid,resources/data/2p_5p_Dataset_NFI/Raw data .HID files/Mixture dataset 3/Inj4 2017-05-12-10-13-31-869/Ladder_G03_21.hid
resources/data/2p_5p_Dataset_NFI/Raw data .HID files/Mixture dataset 3/Inj4 2017-05-12-10-13-31-869/3B5_D03_12.hid,resources/data/2p_5p_Dataset_NFI/Raw data .HID files/Mixture dataset 3/Inj4 2017-05-12-10-13-31-869/Ladder_G03_21.hid
resources/data/2p_5p_Dataset_NFI/Raw data .HID files/Mixture dataset 3/Inj4 2017-05-12-10-13-31-869/3B5_H02_23.hid,resources/data/2p_5p_Dataset_NFI/Raw data .HID files/Mixture dataset 3/Inj4 2017-05-12-10-13-31-869/Ladder_G03_21.hid
resources/data/2p_5p_Dataset_NFI/Raw data .HID files/Mixture dataset 3/Inj5 2017-05-12-10-13-31-879/3B3_B04_04.hid,resources/data/2p_5p_Dataset_NFI/Raw data .HID files/Mixture dataset 3/Inj5 2017-05-12-10-13-31-879/Ladder_G06_21.hid
resources/data/2p_5p_Dataset_NFI/Raw data .HID files/Mixture dataset 3/Inj5 2017-05-12-10-13-31-879/3B4_C04_07.hid,resources/data/2p_5p_Dataset_NFI/Raw data .HID files/Mixture dataset 3/Inj5 2017-05-12-10-13-31-879/Ladder_G06_21.hid
resources/data/2p_5p_Dataset_NFI/Raw data .HID files/Mixture dataset 3/Inj5 2017-05-12-10-13-31-879/3B5_D04_10.hid,resources/data/2p_5p_Dataset_NFI/Raw data .HID files/Mixture dataset 3/Inj5 2017-05-12-10-13-31-879/Ladder_G06_21.hid
resources/data/2p_5p_Dataset_NFI/Raw data .HID files/Mixture dataset 3/Inj5 2017-05-12-10-13-31-879/3C2_rerun_A01_01.hid,resources/data/2p_5p_Dataset_NFI/Raw data .HID files/Mixture dataset 3/Inj5 2017-05-12-10-13-31-879/Ladder_H06_24.hid
resources/data/2p_5p_Dataset_NFI/Raw data .HID files/Mixture dataset 3/Inj5 2017-05-12-10-13-31-879/3C2_rerun_B01_04.hid,resources/data/2p_5p_Dataset_NFI/Raw data .HID files/Mixture dataset 3/Inj5 2017-05-12-10-13-31-879/Ladder_H06_24.hid
resources/data/2p_5p_Dataset_NFI/Raw data .HID files/Mixture dataset 3/Inj5 2017-05-12-10-13-31-879/3C2_rerun_C01_07.hid,resources/data/2p_5p_Dataset_NFI/Raw data .HID files/Mixture dataset 3/Inj5 2017-05-12-10-13-31-879/Ladder_G06_21.hid
resources/data/2p_5p_Dataset_NFI/Raw data .HID files/Mixture dataset 3/Inj5 2017-05-12-10-13-31-879/3C3_rerun_A02_02.hid,resources/data/2p_5p_Dataset_NFI/Raw data .HID files/Mixture dataset 3/Inj5 2017-05-12-10-13-31-879/Ladder_G06_21.hid
resources/data/2p_5p_Dataset_NFI/Raw data .HID files/Mixture dataset 3/Inj5 2017-05-12-10-13-31-879/3C3_rerun_B02_05.hid,resources/data/2p_5p_Dataset_NFI/Raw data .HID files/Mixture dataset 3/Inj5 2017-05-12-10-13-31-879/Ladder_G06_21.hid
resources/data/2p_5p_Dataset_NFI/Raw data .HID files/Mixture dataset 3/Inj5 2017-05-12-10-13-31-879/3C3_rerun_C02_08.hid,resources/data/2p_5p_Dataset_NFI/Raw data .HID files/Mixture dataset 3/Inj5 2017-05-12-10-13-31-879/Ladder_H06_24.hid
resources/data/2p_5p_Dataset_NFI/Raw data .HID files/Mixture dataset 3/Inj5 2017-05-12-10-13-31-879/3C4_C05_08.hid,resources/data/2p_5p_Dataset_NFI/Raw data .HID files/Mixture dataset 3/Inj5 2017-05-12-10-13-31-879/Ladder_G06_21.hid
resources/data/2p_5p_Dataset_NFI/Raw data .HID files/Mixture dataset 3/Inj5 2017-05-12-10-13-31-879/3C4_G04_19.hid,resources/data/2p_5p_Dataset_NFI/Raw data .HID files/Mixture dataset 3/Inj5 2017-05-12-10-13-31-879/Ladder_G06_21.hid
resources/data/2p_5p_Dataset_NFI/Raw data .HID files/Mixture dataset 3/Inj5 2017-05-12-10-13-31-879/3C4_G05_20.hid,resources/data/2p_5p_Dataset_NFI/Raw data .HID files/Mixture dataset 3/Inj5 2017-05-12-10-13-31-879/Ladder_G06_21.hid
resources/data/2p_5p_Dataset_NFI/Raw data .HID files/Mixture dataset 3/Inj5 2017-05-12-10-13-31-879/3C5_D05_11.hid,resources/data/2p_5p_Dataset_NFI/Raw data .HID files/Mixture dataset 3/Inj5 2017-05-12-10-13-31-879/Ladder_G06_21.hid
resources/data/2p_5p_Dataset_NFI/Raw data .HID files/Mixture dataset 3/Inj5 2017-05-12-10-13-31-879/3C5_H04_22.hid,resources/data/2p_5p_Dataset_NFI/Raw data .HID files/Mixture dataset 3/Inj5 2017-05-12-10-13-31-879/Ladder_G06_21.hid
resources/data/2p_5p_Dataset_NFI/Raw data .HID files/Mixture dataset 3/Inj5 2017-05-12-10-13-31-879/3C5_H05_23.hid,resources/data/2p_5p_Dataset_NFI/Raw data .HID files/Mixture dataset 3/Inj5 2017-05-12-10-13-31-879/Ladder_G06_21.hid
resources/data/2p_5p_Dataset_NFI/Raw data .HID files/Mixture dataset 3/Inj5 2017-05-12-10-13-31-879/3D2_A06_03.hid,resources/data/2p_5p_Dataset_NFI/Raw data .HID files/Mixture dataset 3/Inj5 2017-05-12-10-13-31-879/Ladder_G06_21.hid
resources/data/2p_5p_Dataset_NFI/Raw data .HID files/Mixture dataset 3/Inj5 2017-05-12-10-13-31-879/3D3_B06_06.hid,resources/data/2p_5p_Dataset_NFI/Raw data .HID files/Mixture dataset 3/Inj5 2017-05-12-10-13-31-879/Ladder_G06_21.hid
resources/data/2p_5p_Dataset_NFI/Raw data .HID files/Mixture dataset 3/Inj5 2017-05-12-10-13-31-879/3D4_C06_09.hid,resources/data/2p_5p_Dataset_NFI/Raw data .HID files/Mixture dataset 3/Inj5 2017-05-12-10-13-31-879/Ladder_G06_21.hid
resources/data/2p_5p_Dataset_NFI/Raw data .HID files/Mixture dataset 3/Inj5 2017-05-12-10-13-31-879/3D5_D06_12.hid,resources/data/2p_5p_Dataset_NFI/Raw data .HID files/Mixture dataset 3/Inj5 2017-05-12-10-13-31-879/Ladder_G06_21.hid
resources/data/2p_5p_Dataset_NFI/Raw data .HID files/Mixture dataset 3/Inj6 2017-05-12-10-13-31-889/3D2_A07_01.hid,resources/data/2p_5p_Dataset_NFI/Raw data .HID files/Mixture dataset 3/Inj6 2017-05-12-10-13-31-889/Ladder_G09_21.hid
resources/data/2p_5p_Dataset_NFI/Raw data .HID files/Mixture dataset 3/Inj6 2017-05-12-10-13-31-889/3D2_E07_13.hid,resources/data/2p_5p_Dataset_NFI/Raw data .HID files/Mixture dataset 3/Inj6 2017-05-12-10-13-31-889/Ladder_G09_21.hid
resources/data/2p_5p_Dataset_NFI/Raw data .HID files/Mixture dataset 3/Inj6 2017-05-12-10-13-31-889/3D3_B07_04.hid,resources/data/2p_5p_Dataset_NFI/Raw data .HID files/Mixture dataset 3/Inj6 2017-05-12-10-13-31-889/Ladder_G09_21.hid
resources/data/2p_5p_Dataset_NFI/Raw data .HID files/Mixture dataset 3/Inj6 2017-05-12-10-13-31-889/3D3_F07_16.hid,resources/data/2p_5p_Dataset_NFI/Raw data .HID files/Mixture dataset 3/Inj6 2017-05-12-10-13-31-889/Ladder_G09_21.hid
resources/data/2p_5p_Dataset_NFI/Raw data .HID files/Mixture dataset 3/Inj6 2017-05-12-10-13-31-889/3D4_C07_07.hid,resources/data/2p_5p_Dataset_NFI/Raw data .HID files/Mixture dataset 3/Inj6 2017-05-12-10-13-31-889/Ladder_G09_21.hid
resources/data/2p_5p_Dataset_NFI/Raw data .HID files/Mixture dataset 3/Inj6 2017-05-12-10-13-31-889/3D4_G07_19.hid,resources/data/2p_5p_Dataset_NFI/Raw data .HID files/Mixture dataset 3/Inj6 2017-05-12-10-13-31-889/Ladder_G09_21.hid
resources/data/2p_5p_Dataset_NFI/Raw data .HID files/Mixture dataset 3/Inj6 2017-05-12-10-13-31-889/3D5_D07_10.hid,resources/data/2p_5p_Dataset_NFI/Raw data .HID files/Mixture dataset 3/Inj6 2017-05-12-10-13-31-889/Ladder_G09_21.hid
resources/data/2p_5p_Dataset_NFI/Raw data .HID files/Mixture dataset 3/Inj6 2017-05-12-10-13-31-889/3D5_H07_22.hid,resources/data/2p_5p_Dataset_NFI/Raw data .HID files/Mixture dataset 3/Inj6 2017-05-12-10-13-31-889/Ladder_G09_21.hid
resources/data/2p_5p_Dataset_NFI/Raw data .HID files/Mixture dataset 3/Inj6 2017-05-12-10-13-31-889/3E2_A08_02.hid,resources/data/2p_5p_Dataset_NFI/Raw data .HID files/Mixture dataset 3/Inj6 2017-05-12-10-13-31-889/Ladder_G09_21.hid
resources/data/2p_5p_Dataset_NFI/Raw data .HID files/Mixture dataset 3/Inj6 2017-05-12-10-13-31-889/3E2_A09_03.hid,resources/data/2p_5p_Dataset_NFI/Raw data .HID files/Mixture dataset 3/Inj6 2017-05-12-10-13-31-889/Ladder_G09_21.hid
resources/data/2p_5p_Dataset_NFI/Raw data .HID files/Mixture dataset 3/Inj6 2017-05-12-10-13-31-889/3E2_E08_14.hid,resources/data/2p_5p_Dataset_NFI/Raw data .HID files/Mixture dataset 3/Inj6 2017-05-12-10-13-31-889/Ladder_G09_21.hid
resources/data/2p_5p_Dataset_NFI/Raw data .HID files/Mixture dataset 3/Inj6 2017-05-12-10-13-31-889/3E4_C08_08.hid,resources/data/2p_5p_Dataset_NFI/Raw data .HID files/Mixture dataset 3/Inj6 2017-05-12-10-13-31-889/Ladder_G09_21.hid
resources/data/2p_5p_Dataset_NFI/Raw data .HID files/Mixture dataset 3/Inj6 2017-05-12-10-13-31-889/3E4_C09_09.hid,resources/data/2p_5p_Dataset_NFI/Raw data .HID files/Mixture dataset 3/Inj6 2017-05-12-10-13-31-889/Ladder_G09_21.hid
resources/data/2p_5p_Dataset_NFI/Raw data .HID files/Mixture dataset 3/Inj6 2017-05-12-10-13-31-889/3E4_G08_20.hid,resources/data/2p_5p_Dataset_NFI/Raw data .HID files/Mixture dataset 3/Inj6 2017-05-12-10-13-31-889/Ladder_G09_21.hid
resources/data/2p_5p_Dataset_NFI/Raw data .HID files/Mixture dataset 3/Inj6 2017-05-12-10-13-31-889/3E5_D09_12.hid,resources/data/2p_5p_Dataset_NFI/Raw data .HID files/Mixture dataset 3/Inj6 2017-05-12-10-13-31-889/Ladder_G09_21.hid
resources/data/2p_5p_Dataset_NFI/Raw data .HID files/Mixture dataset 3/Inj6 2017-05-12-10-13-31-889/3E5_H08_23.hid,resources/data/2p_5p_Dataset_NFI/Raw data .HID files/Mixture dataset 3/Inj6 2017-05-12-10-13-31-889/Ladder_G09_21.hid
resources/data/2p_5p_Dataset_NFI/Raw data .HID files/Mixture dataset 3/Inj7 2017-05-12-10-13-31-899/3E3_rerun_A03_03.hid,resources/data/2p_5p_Dataset_NFI/Raw data .HID files/Mixture dataset 3/Inj7 2017-05-12-10-13-31-899/Ladder_H12_24.hid
resources/data/2p_5p_Dataset_NFI/Raw data .HID files/Mixture dataset 3/Inj7 2017-05-12-10-13-31-899/3E3_rerun_B03_06.hid,resources/data/2p_5p_Dataset_NFI/Raw data .HID files/Mixture dataset 3/Inj7 2017-05-12-10-13-31-899/Ladder_G12_21.hid
resources/data/2p_5p_Dataset_NFI/Raw data .HID files/Mixture dataset 3/Inj7 2017-05-12-10-13-31-899/3E3_rerun_C03_09.hid,resources/data/2p_5p_Dataset_NFI/Raw data .HID files/Mixture dataset 3/Inj7 2017-05-12-10-13-31-899/Ladder_G12_21.hid
resources/data/2p_5p_Dataset_NFI/Raw data .HID files/Mixture dataset 4/Inj1 2017-05-12-16-25-53-807/4A2_A01_01.hid,resources/data/2p_5p_Dataset_NFI/Raw data .HID files/Mixture dataset 4/Inj1 2017-05-12-16-25-53-807/Ladder_G03_21.hid
resources/data/2p_5p_Dataset_NFI/Raw data .HID files/Mixture dataset 4/Inj1 2017-05-12-16-25-53-807/4A2_A02_02.hid,resources/data/2p_5p_Dataset_NFI/Raw data .HID files/Mixture dataset 4/Inj1 2017-05-12-16-25-53-807/Ladder_G03_21.hid
resources/data/2p_5p_Dataset_NFI/Raw data .HID files/Mixture dataset 4/Inj1 2017-05-12-16-25-53-807/4A2_E01_13.hid,resources/data/2p_5p_Dataset_NFI/Raw data .HID files/Mixture dataset 4/Inj1 2017-05-12-16-25-53-807/Ladder_G03_21.hid
resources/data/2p_5p_Dataset_NFI/Raw data .HID files/Mixture dataset 4/Inj1 2017-05-12-16-25-53-807/4A3_B01_04.hid,resources/data/2p_5p_Dataset_NFI/Raw data .HID files/Mixture dataset 4/Inj1 2017-05-12-16-25-53-807/Ladder_G03_21.hid
resources/data/2p_5p_Dataset_NFI/Raw data .HID files/Mixture dataset 4/Inj1 2017-05-12-16-25-53-807/4A3_B02_05.hid,resources/data/2p_5p_Dataset_NFI/Raw data .HID files/Mixture dataset 4/Inj1 2017-05-12-16-25-53-807/Ladder_G03_21.hid
resources/data/2p_5p_Dataset_NFI/Raw data .HID files/Mixture dataset 4/Inj1 2017-05-12-16-25-53-807/4A3_F01_16.hid,resources/data/2p_5p_Dataset_NFI/Raw data .HID files/Mixture dataset 4/Inj1 2017-05-12-16-25-53-807/Ladder_G03_21.hid
resources/data/2p_5p_Dataset_NFI/Raw data .HID files/Mixture dataset 4/Inj1 2017-05-12-16-25-53-807/4A4_C01_07.hid,resources/data/2p_5p_Dataset_NFI/Raw data .HID files/Mixture dataset 4/Inj1 2017-05-12-16-25-53-807/Ladder_G03_21.hid
resources/data/2p_5p_Dataset_NFI/Raw data .HID files/Mixture dataset 4/Inj1 2017-05-12-16-25-53-807/4A4_C02_08.hid,resources/data/2p_5p_Dataset_NFI/Raw data .HID files/Mixture dataset 4/Inj1 2017-05-12-16-25-53-807/Ladder_G03_21.hid
resources/data/2p_5p_Dataset_NFI/Raw data .HID files/Mixture dataset 4/Inj1 2017-05-12-16-25-53-807/4A4_G01_19.hid,resources/data/2p_5p_Dataset_NFI/Raw data .HID files/Mixture dataset 4/Inj1 2017-05-12-16-25-53-807/Ladder_G03_21.hid
resources/data/2p_5p_Dataset_NFI/Raw data .HID files/Mixture dataset 4/Inj1 2017-05-12-16-25-53-807/4A5_D01_10.hid,resources/data/2p_5p_Dataset_NFI/Raw data .HID files/Mixture dataset 4/Inj1 2017-05-12-16-25-53-807/Ladder_G03_21.hid
resources/data/2p_5p_Dataset_NFI/Raw data .HID files/Mixture dataset 4/Inj1 2017-05-12-16-25-53-807/4A5_D02_11.hid,resources/data/2p_5p_Dataset_NFI/Raw data .HID files/Mixture dataset 4/Inj1 2017-05-12-16-25-53-807/Ladder_G03_21.hid
resources/data/2p_5p_Dataset_NFI/Raw data .HID files/Mixture dataset 4/Inj1 2017-05-12-16-25-53-807/4A5_H01_22.hid,resources/data/2p_5p_Dataset_NFI/Raw data .HID files/Mixture dataset 4/Inj1 2017-05-12-16-25-53-807/Ladder_G03_21.hid
resources/data/2p_5p_Dataset_NFI/Raw data .HID files/Mixture dataset 4/Inj1 2017-05-12-16-25-53-807/4B2_A03_03.hid,resources/data/2p_5p_Dataset_NFI/Raw data .HID files/Mixture dataset 4/Inj1 2017-05-12-16-25-53-807/Ladder_G03_21.hid
resources/data/2p_5p_Dataset_NFI/Raw data .HID files/Mixture dataset 4/Inj1 2017-05-12-16-25-53-807/4B2_E02_14.hid,resources/data/2p_5p_Dataset_NFI/Raw data .HID files/Mixture dataset 4/Inj1 2017-05-12-16-25-53-807/Ladder_G03_21.hid
resources/data/2p_5p_Dataset_NFI/Raw data .HID files/Mixture dataset 4/Inj1 2017-05-12-16-25-53-807/4B3_B03_06.hid,resources/data/2p_5p_Dataset_NFI/Raw data .HID files/Mixture dataset 4/Inj1 2017-05-12-16-25-53-807/Ladder_G03_21.hid
resources/data/2p_5p_Dataset_NFI/Raw data .HID files/Mixture dataset 4/Inj1 2017-05-12-16-25-53-807/4B3_F02_17.hid,resources/data/2p_5p_Dataset_NFI/Raw data .HID files/Mixture dataset 4/Inj1 2017-05-12-16-25-53-807/Ladder_G03_21.hid
resources/data/2p_5p_Dataset_NFI/Raw data .HID files/Mixture dataset 4/Inj1 2017-05-12-16-25-53-807/4B4_C03_09.hid,resources/data/2p_5p_Dataset_NFI/Raw data .HID files/Mixture dataset 4/Inj1 2017-05-12-16-25-53-807/Ladder_G03_21.hid
resources/data/2p_5p_Dataset_NFI/Raw data .HID files/Mixture dataset 4/Inj1 2017-05-12-16-25-53-807/4B4_G02_20.hid,resources/data/2p_5p_Dataset_NFI/Raw data .HID files/Mixture dataset 4/Inj1 2017-05-12-16-25-53-807/Ladder_G03_21.hid
resources/data/2p_5p_Dataset_NFI/Raw data .HID files/Mixture dataset 4/Inj1 2017-05-12-16-25-53-807/4B5_D03_12.hid,resources/data/2p_5p_Dataset_NFI/Raw data .HID files/Mixture dataset 4/Inj1 2017-05-12-16-25-53-807/Ladder_G03_21.hid
resources/data/2p_5p_Dataset_NFI/Raw data .HID files/Mixture dataset 4/Inj1 2017-05-12-16-25-53-807/4B5_H02_23.hid,resources/data/2p_5p_Dataset_NFI/Raw data .HID files/Mixture dataset 4/Inj1 2017-05-12-16-25-53-807/Ladder_G03_21.hid
resources/data/2p_5p_Dataset_NFI/Raw data .HID files/Mixture dataset 4/Inj2 2017-05-12-16-25-53-817/4B2_A04_01.hid,resources/data/2p_5p_Dataset_NFI/Raw data .HID files/Mixture dataset 4/Inj2 2017-05-12-16-25-53-817/Ladder_G06_21.hid
resources/data/2p_5p_Dataset_NFI/Raw data .HID files/Mixture dataset 4/Inj2 2017-05-12-16-25-53-817/4B3_B04_04.hid,resources/data/2p_5p_Dataset_NFI/Raw data .HID files/Mixture dataset 4/Inj2 2017-05-12-16-25-53-817/Ladder_G06_21.hid
resources/data/2p_5p_Dataset_NFI/Raw data .HID files/Mixture dataset 4/Inj2 2017-05-12-16-25-53-817/4B4_C04_07.hid,resources/data/2p_5p_Dataset_NFI/Raw data .HID files/Mixture dataset 4/Inj2 2017-05-12-16-25-53-817/Ladder_G06_21.hid
resources/data/2p_5p_Dataset_NFI/Raw data .HID files/Mixture dataset 4/Inj2 2017-05-12-16-25-53-817/4B5_D04_10.hid,resources/data/2p_5p_Dataset_NFI/Raw data .HID files/Mixture dataset 4/Inj2 2017-05-12-16-25-53-817/Ladder_G06_21.hid
resources/data/2p_5p_Dataset_NFI/Raw data .HID files/Mixture dataset 4/Inj2 2017-05-12-16-25-53-817/4C2_A05_02.hid,resources/data/2p_5p_Dataset_NFI/Raw data .HID files/Mixture dataset 4/Inj2 2017-05-12-16-25-53-817/Ladder_H06_24.hid
resources/data/2p_5p_Dataset_NFI/Raw data .HID files/Mixture dataset 4/Inj2 2017-05-12-16-25-53-817/4C2_E04_13.hid,resources/data/2p_5p_Dataset_NFI/Raw data .HID files/Mixture dataset 4/Inj2 2017-05-12-16-25-53-817/Ladder_G06_21.hid
resources/data/2p_5p_Dataset_NFI/Raw data .HID files/Mixture dataset 4/Inj2 2017-05-12-16-25-53-817/4C2_E05_14.hid,resources/data/2p_5p_Dataset_NFI/Raw data .HID files/Mixture dataset 4/Inj2 2017-05-12-16-25-53-817/Ladder_G06_21.hid
resources/data/2p_5p_Dataset_NFI/Raw data .HID files/Mixture dataset 4/Inj2 2017-05-12-16-25-53-817/4C3_B05_05.hid,resources/data/2p_5p_Dataset_NFI/Raw data .HID files/Mixture dataset 4/Inj2 2017-05-12-16-25-53-817/Ladder_H06_24.hid
resources/data/2p_5p_Dataset_NFI/Raw data .HID files/Mixture dataset 4/Inj2 2017-05-12-16-25-53-817/4C3_F04_16.hid,resources/data/2p_5p_Dataset_NFI/Raw data .HID files/Mixture dataset 4/Inj2 2017-05-12-16-25-53-817/Ladder_G06_21.hid
resources/data/2p_5p_Dataset_NFI/Raw data .HID files/Mixture dataset 4/Inj2 2017-05-12-16-25-53-817/4C3_F05_17.hid,resources/data/2p_5p_Dataset_NFI/Raw data .HID files/Mixture dataset 4/Inj2 2017-05-12-16-25-53-817/Ladder_G06_21.hid
resources/data/2p_5p_Dataset_NFI/Raw data .HID files/Mixture dataset 4/Inj2 2017-05-12-16-25-53-817/4C4_C05_08.hid,resources/data/2p_5p_Dataset_NFI/Raw data .HID files/Mixture dataset 4/Inj2 2017-05-12-16-25-53-817/Ladder_H06_24.hid
resources/data/2p_5p_Dataset_NFI/Raw data .HID files/Mixture dataset 4/Inj2 2017-05-12-16-25-53-817/4C4_G04_19.hid,resources/data/2p_5p_Dataset_NFI/Raw data .HID files/Mixture dataset 4/Inj2 2017-05-12-16-25-53-817/Ladder_G06_21.hid
resources/data/2p_5p_Dataset_NFI/Raw data .HID files/Mixture dataset 4/Inj2 2017-05-12-16-25-53-817/4C4_G05_20.hid,resources/data/2p_5p_Dataset_NFI/Raw data .HID files/Mixture dataset 4/Inj2 2017-05-12-16-25-53-817/Ladder_G06_21.hid
resources/data/2p_5p_Dataset_NFI/Raw data .HID files/Mixture dataset 4/Inj2 2017-05-12-16-25-53-817/4C5_D05_11.hid,resources/data/2p_5p_Dataset_NFI/Raw data .HID files/Mixture dataset 4/Inj2 2017-05-12-16-25-53-817/Ladder_G06_21.hid
resources/data/2p_5p_Dataset_NFI/Raw data .HID files/Mixture dataset 4/Inj2 2017-05-12-16-25-53-817/4C5_H04_22.hid,resources/data/2p_5p_Dataset_NFI/Raw data .HID files/Mixture dataset 4/Inj2 2017-05-12-16-25-53-817/Ladder_G06_21.hid
resources/data/2p_5p_Dataset_NFI/Raw data .HID files/Mixture dataset 4/Inj2 2017-05-12-16-25-53-817/4C5_H05_23.hid,resources/data/2p_5p_Dataset_NFI/Raw data .HID files/Mixture dataset 4/Inj2 2017-05-12-16-25-53-817/Ladder_G06_21.hid
resources/data/2p_5p_Dataset_NFI/Raw data .HID files/Mixture dataset 4/Inj2 2017-05-12-16-25-53-817/4D2_A06_03.hid,resources/data/2p_5p_Dataset_NFI/Raw data .HID files/Mixture dataset 4/Inj2 2017-05-12-16-25-53-817/Ladder_H06_24.hid
resources/data/2p_5p_Dataset_NFI/Raw data .HID files/Mixture dataset 4/Inj2 2017-05-12-16-25-53-817/4D3_B06_06.hid,resources/data/2p_5p_Dataset_NFI/Raw data .HID files/Mixture dataset 4/Inj2 2017-05-12-16-25-53-817/Ladder_G06_21.hid
resources/data/2p_5p_Dataset_NFI/Raw data .HID files/Mixture dataset 4/Inj2 2017-05-12-16-25-53-817/4D4_C06_09.hid,resources/data/2p_5p_Dataset_NFI/Raw data .HID files/Mixture dataset 4/Inj2 2017-05-12-16-25-53-817/Ladder_G06_21.hid
resources/data/2p_5p_Dataset_NFI/Raw data .HID files/Mixture dataset 4/Inj2 2017-05-12-16-25-53-817/4D5_D06_12.hid,resources/data/2p_5p_Dataset_NFI/Raw data .HID files/Mixture dataset 4/Inj2 2017-05-12-16-25-53-817/Ladder_G06_21.hid
resources/data/2p_5p_Dataset_NFI/Raw data .HID files/Mixture dataset 4/Inj3 2017-05-12-16-25-53-827/4D2_A07_01.hid,resources/data/2p_5p_Dataset_NFI/Raw data .HID files/Mixture dataset 4/Inj3 2017-05-12-16-25-53-827/Ladder_G09_21.hid
resources/data/2p_5p_Dataset_NFI/Raw data .HID files/Mixture dataset 4/Inj3 2017-05-12-16-25-53-827/4D2_E07_13.hid,resources/data/2p_5p_Dataset_NFI/Raw data .HID files/Mixture dataset 4/Inj3 2017-05-12-16-25-53-827/Ladder_G09_21.hid
resources/data/2p_5p_Dataset_NFI/Raw data .HID files/Mixture dataset 4/Inj3 2017-05-12-16-25-53-827/4D3_B07_04.hid,resources/data/2p_5p_Dataset_NFI/Raw data .HID files/Mixture dataset 4/Inj3 2017-05-12-16-25-53-827/Ladder_G09_21.hid
resources/data/2p_5p_Dataset_NFI/Raw data .HID files/Mixture dataset 4/Inj3 2017-05-12-16-25-53-827/4D3_F07_16.hid,resources/data/2p_5p_Dataset_NFI/Raw data .HID files/Mixture dataset 4/Inj3 2017-05-12-16-25-53-827/Ladder_G09_21.hid
resources/data/2p_5p_Dataset_NFI/Raw data .HID files/Mixture dataset 4/Inj3 2017-05-12-16-25-53-827/4D4_C07_07.hid,resources/data/2p_5p_Dataset_NFI/Raw data .HID files/Mixture dataset 4/Inj3 2017-05-12-16-25-53-827/Ladder_G09_21.hid
resources/data/2p_5p_Dataset_NFI/Raw data .HID files/Mixture dataset 4/Inj3 2017-05-12-16-25-53-827/4D4_G07_19.hid,resources/data/2p_5p_Dataset_NFI/Raw data .HID files/Mixture dataset 4/Inj3 2017-05-12-16-25-53-827/Ladder_G09_21.hid
resources/data/2p_5p_Dataset_NFI/Raw data .HID files/Mixture dataset 4/Inj3 2017-05-12-16-25-53-827/4D5_D07_10.hid,resources/data/2p_5p_Dataset_NFI/Raw data .HID files/Mixture dataset 4/Inj3 2017-05-12-16-25-53-827/Ladder_G09_21.hid
resources/data/2p_5p_Dataset_NFI/Raw data .HID files/Mixture dataset 4/Inj3 2017-05-12-16-25-53-827/4D5_H07_22.hid,resources/data/2p_5p_Dataset_NFI/Raw data .HID files/Mixture dataset 4/Inj3 2017-05-12-16-25-53-827/Ladder_G09_21.hid
resources/data/2p_5p_Dataset_NFI/Raw data .HID files/Mixture dataset 4/Inj3 2017-05-12-16-25-53-827/4E2_A08_02.hid,resources/data/2p_5p_Dataset_NFI/Raw data .HID files/Mixture dataset 4/Inj3 2017-05-12-16-25-53-827/Ladder_G09_21.hid
resources/data/2p_5p_Dataset_NFI/Raw data .HID files/Mixture dataset 4/Inj3 2017-05-12-16-25-53-827/4E2_A09_03.hid,resources/data/2p_5p_Dataset_NFI/Raw data .HID files/Mixture dataset 4/Inj3 2017-05-12-16-25-53-827/Ladder_G09_21.hid
resources/data/2p_5p_Dataset_NFI/Raw data .HID files/Mixture dataset 4/Inj3 2017-05-12-16-25-53-827/4E2_E08_14.hid,resources/data/2p_5p_Dataset_NFI/Raw data .HID files/Mixture dataset 4/Inj3 2017-05-12-16-25-53-827/Ladder_G09_21.hid
resources/data/2p_5p_Dataset_NFI/Raw data .HID files/Mixture dataset 4/Inj3 2017-05-12-16-25-53-827/4E3_B09_06.hid,resources/data/2p_5p_Dataset_NFI/Raw data .HID files/Mixture dataset 4/Inj3 2017-05-12-16-25-53-827/Ladder_G09_21.hid
resources/data/2p_5p_Dataset_NFI/Raw data .HID files/Mixture dataset 4/Inj3 2017-05-12-16-25-53-827/4E3_F08_17.hid,resources/data/2p_5p_Dataset_NFI/Raw data .HID files/Mixture dataset 4/Inj3 2017-05-12-16-25-53-827/Ladder_G09_21.hid
resources/data/2p_5p_Dataset_NFI/Raw data .HID files/Mixture dataset 4/Inj3 2017-05-12-16-25-53-827/4E4_C08_08.hid,resources/data/2p_5p_Dataset_NFI/Raw data .HID files/Mixture dataset 4/Inj3 2017-05-12-16-25-53-827/Ladder_G09_21.hid
resources/data/2p_5p_Dataset_NFI/Raw data .HID files/Mixture dataset 4/Inj3 2017-05-12-16-25-53-827/4E4_C09_09.hid,resources/data/2p_5p_Dataset_NFI/Raw data .HID files/Mixture dataset 4/Inj3 2017-05-12-16-25-53-827/Ladder_G09_21.hid
resources/data/2p_5p_Dataset_NFI/Raw data .HID files/Mixture dataset 4/Inj3 2017-05-12-16-25-53-827/4E4_G08_20.hid,resources/data/2p_5p_Dataset_NFI/Raw data .HID files/Mixture dataset 4/Inj3 2017-05-12-16-25-53-827/Ladder_G09_21.hid
resources/data/2p_5p_Dataset_NFI/Raw data .HID files/Mixture dataset 4/Inj3 2017-05-12-16-25-53-827/4E5_D08_11.hid,resources/data/2p_5p_Dataset_NFI/Raw data .HID files/Mixture dataset 4/Inj3 2017-05-12-16-25-53-827/Ladder_G09_21.hid
resources/data/2p_5p_Dataset_NFI/Raw data .HID files/Mixture dataset 4/Inj3 2017-05-12-16-25-53-827/4E5_D09_12.hid,resources/data/2p_5p_Dataset_NFI/Raw data .HID files/Mixture dataset 4/Inj3 2017-05-12-16-25-53-827/Ladder_G09_21.hid
resources/data/2p_5p_Dataset_NFI/Raw data .HID files/Mixture dataset 4/Inj3 2017-05-12-16-25-53-827/4E5_H08_23.hid,resources/data/2p_5p_Dataset_NFI/Raw data .HID files/Mixture dataset 4/Inj3 2017-05-12-16-25-53-827/Ladder_G09_21.hid
resources/data/2p_5p_Dataset_NFI/Raw data .HID files/Mixture dataset 5/Inj5 2017-05-12-16-25-53-847/5A2_A01_01.hid,resources/data/2p_5p_Dataset_NFI/Raw data .HID files/Mixture dataset 5/Inj5 2017-05-12-16-25-53-847/Ladder_H03_24.hid
resources/data/2p_5p_Dataset_NFI/Raw data .HID files/Mixture dataset 5/Inj5 2017-05-12-16-25-53-847/5A2_A02_02.hid,resources/data/2p_5p_Dataset_NFI/Raw data .HID files/Mixture dataset 5/Inj5 2017-05-12-16-25-53-847/Ladder_G03_21.hid
resources/data/2p_5p_Dataset_NFI/Raw data .HID files/Mixture dataset 5/Inj5 2017-05-12-16-25-53-847/5A2_E01_13.hid,resources/data/2p_5p_Dataset_NFI/Raw data .HID files/Mixture dataset 5/Inj5 2017-05-12-16-25-53-847/Ladder_H03_24.hid
resources/data/2p_5p_Dataset_NFI/Raw data .HID files/Mixture dataset 5/Inj5 2017-05-12-16-25-53-847/5A3_B01_04.hid,resources/data/2p_5p_Dataset_NFI/Raw data .HID files/Mixture dataset 5/Inj5 2017-05-12-16-25-53-847/Ladder_H03_24.hid
resources/data/2p_5p_Dataset_NFI/Raw data .HID files/Mixture dataset 5/Inj5 2017-05-12-16-25-53-847/5A3_B02_05.hid,resources/data/2p_5p_Dataset_NFI/Raw data .HID files/Mixture dataset 5/Inj5 2017-05-12-16-25-53-847/Ladder_G03_21.hid
resources/data/2p_5p_Dataset_NFI/Raw data .HID files/Mixture dataset 5/Inj5 2017-05-12-16-25-53-847/5A3_F01_16.hid,resources/data/2p_5p_Dataset_NFI/Raw data .HID files/Mixture dataset 5/Inj5 2017-05-12-16-25-53-847/Ladder_G03_21.hid
resources/data/2p_5p_Dataset_NFI/Raw data .HID files/Mixture dataset 5/Inj5 2017-05-12-16-25-53-847/5A4_C01_07.hid,resources/data/2p_5p_Dataset_NFI/Raw data .HID files/Mixture dataset 5/Inj5 2017-05-12-16-25-53-847/Ladder_G03_21.hid
resources/data/2p_5p_Dataset_NFI/Raw data .HID files/Mixture dataset 5/Inj5 2017-05-12-16-25-53-847/5A4_C02_08.hid,resources/data/2p_5p_Dataset_NFI/Raw data .HID files/Mixture dataset 5/Inj5 2017-05-12-16-25-53-847/Ladder_G03_21.hid
resources/data/2p_5p_Dataset_NFI/Raw data .HID files/Mixture dataset 5/Inj5 2017-05-12-16-25-53-847/5A4_G01_19.hid,resources/data/2p_5p_Dataset_NFI/Raw data .HID files/Mixture dataset 5/Inj5 2017-05-12-16-25-53-847/Ladder_G03_21.hid
resources/data/2p_5p_Dataset_NFI/Raw data .HID files/Mixture dataset 5/Inj5 2017-05-12-16-25-53-847/5A5_D01_10.hid,resources/data/2p_5p_Dataset_NFI/Raw data .HID files/Mixture dataset 5/Inj5 2017-05-12-16-25-53-847/Ladder_H03_24.hid
resources/data/2p_5p_Dataset_NFI/Raw data .HID files/Mixture dataset 5/Inj5 2017-05-12-16-25-53-847/5A5_D02_11.hid,resources/data/2p_5p_Dataset_NFI/Raw data .HID files/Mixture dataset 5/Inj5 2017-05-12-16-25-53-847/Ladder_G03_21.hid
resources/data/2p_5p_Dataset_NFI/Raw data .HID files/Mixture dataset 5/Inj5 2017-05-12-16-25-53-847/5A5_H01_22.hid,resources/data/2p_5p_Dataset_NFI/Raw data .HID files/Mixture dataset 5/Inj5 2017-05-12-16-25-53-847/Ladder_G03_21.hid
resources/data/2p_5p_Dataset_NFI/Raw data .HID files/Mixture dataset 5/Inj5 2017-05-12-16-25-53-847/5B2_A03_03.hid,resources/data/2p_5p_Dataset_NFI/Raw data .HID files/Mixture dataset 5/Inj5 2017-05-12-16-25-53-847/Ladder_G03_21.hid
resources/data/2p_5p_Dataset_NFI/Raw data .HID files/Mixture dataset 5/Inj5 2017-05-12-16-25-53-847/5B2_E02_14.hid,resources/data/2p_5p_Dataset_NFI/Raw data .HID files/Mixture dataset 5/Inj5 2017-05-12-16-25-53-847/Ladder_G03_21.hid
resources/data/2p_5p_Dataset_NFI/Raw data .HID files/Mixture dataset 5/Inj5 2017-05-12-16-25-53-847/5B3_B03_06.hid,resources/data/2p_5p_Dataset_NFI/Raw data .HID files/Mixture dataset 5/Inj5 2017-05-12-16-25-53-847/Ladder_G03_21.hid
resources/data/2p_5p_Dataset_NFI/Raw data .HID files/Mixture dataset 5/Inj5 2017-05-12-16-25-53-847/5B3_F02_17.hid,resources/data/2p_5p_Dataset_NFI/Raw data .HID files/Mixture dataset 5/Inj5 2017-05-12-16-25-53-847/Ladder_G03_21.hid
resources/data/2p_5p_Dataset_NFI/Raw data .HID files/Mixture dataset 5/Inj5 2017-05-12-16-25-53-847/5B4_C03_09.hid,resources/data/2p_5p_Dataset_NFI/Raw data .HID files/Mixture dataset 5/Inj5 2017-05-12-16-25-53-847/Ladder_G03_21.hid
resources/data/2p_5p_Dataset_NFI/Raw data .HID files/Mixture dataset 5/Inj5 2017-05-12-16-25-53-847/5B4_G02_20.hid,resources/data/2p_5p_Dataset_NFI/Raw data .HID files/Mixture dataset 5/Inj5 2017-05-12-16-25-53-847/Ladder_G03_21.hid
resources/data/2p_5p_Dataset_NFI/Raw data .HID files/Mixture dataset 5/Inj5 2017-05-12-16-25-53-847/5B5_D03_12.hid,resources/data/2p_5p_Dataset_NFI/Raw data .HID files/Mixture dataset 5/Inj5 2017-05-12-16-25-53-847/Ladder_G03_21.hid
resources/data/2p_5p_Dataset_NFI/Raw data .HID files/Mixture dataset 5/Inj5 2017-05-12-16-25-53-847/5B5_H02_23.hid,resources/data/2p_5p_Dataset_NFI/Raw data .HID files/Mixture dataset 5/Inj5 2017-05-12-16-25-53-847/Ladder_H03_24.hid
resources/data/2p_5p_Dataset_NFI/Raw data .HID files/Mixture dataset 5/Inj6 2017-05-12-16-25-53-857/5B2_A04_01.hid,resources/data/2p_5p_Dataset_NFI/Raw data .HID files/Mixture dataset 5/Inj6 2017-05-12-16-25-53-857/Ladder_G06_21.hid
resources/data/2p_5p_Dataset_NFI/Raw data .HID files/Mixture dataset 5/Inj6 2017-05-12-16-25-53-857/5B3_B04_04.hid,resources/data/2p_5p_Dataset_NFI/Raw data .HID files/Mixture dataset 5/Inj6 2017-05-12-16-25-53-857/Ladder_G06_21.hid
resources/data/2p_5p_Dataset_NFI/Raw data .HID files/Mixture dataset 5/Inj6 2017-05-12-16-25-53-857/5B4_C04_07.hid,resources/data/2p_5p_Dataset_NFI/Raw data .HID files/Mixture dataset 5/Inj6 2017-05-12-16-25-53-857/Ladder_G06_21.hid
resources/data/2p_5p_Dataset_NFI/Raw data .HID files/Mixture dataset 5/Inj6 2017-05-12-16-25-53-857/5B5_D04_10.hid,resources/data/2p_5p_Dataset_NFI/Raw data .HID files/Mixture dataset 5/Inj6 2017-05-12-16-25-53-857/Ladder_G06_21.hid
resources/data/2p_5p_Dataset_NFI/Raw data .HID files/Mixture dataset 5/Inj6 2017-05-12-16-25-53-857/5C2_A05_02.hid,resources/data/2p_5p_Dataset_NFI/Raw data .HID files/Mixture dataset 5/Inj6 2017-05-12-16-25-53-857/Ladder_G06_21.hid
resources/data/2p_5p_Dataset_NFI/Raw data .HID files/Mixture dataset 5/Inj6 2017-05-12-16-25-53-857/5C2_E04_13.hid,resources/data/2p_5p_Dataset_NFI/Raw data .HID files/Mixture dataset 5/Inj6 2017-05-12-16-25-53-857/Ladder_G06_21.hid
resources/data/2p_5p_Dataset_NFI/Raw data .HID files/Mixture dataset 5/Inj6 2017-05-12-16-25-53-857/5C2_E05_14.hid,resources/data/2p_5p_Dataset_NFI/Raw data .HID files/Mixture dataset 5/Inj6 2017-05-12-16-25-53-857/Ladder_G06_21.hid
resources/data/2p_5p_Dataset_NFI/Raw data .HID files/Mixture dataset 5/Inj6 2017-05-12-16-25-53-857/5C3_B05_05.hid,resources/data/2p_5p_Dataset_NFI/Raw data .HID files/Mixture dataset 5/Inj6 2017-05-12-16-25-53-857/Ladder_G06_21.hid
resources/data/2p_5p_Dataset_NFI/Raw data .HID files/Mixture dataset 5/Inj6 2017-05-12-16-25-53-857/5C3_F04_16.hid,resources/data/2p_5p_Dataset_NFI/Raw data .HID files/Mixture dataset 5/Inj6 2017-05-12-16-25-53-857/Ladder_G06_21.hid
resources/data/2p_5p_Dataset_NFI/Raw data .HID files/Mixture dataset 5/Inj6 2017-05-12-16-25-53-857/5C3_F05_17.hid,resources/data/2p_5p_Dataset_NFI/Raw data .HID files/Mixture dataset 5/Inj6 2017-05-12-16-25-53-857/Ladder_G06_21.hid
resources/data/2p_5p_Dataset_NFI/Raw data .HID files/Mixture dataset 5/Inj6 2017-05-12-16-25-53-857/5C4_C05_08.hid,resources/data/2p_5p_Dataset_NFI/Raw data .HID files/Mixture dataset 5/Inj6 2017-05-12-16-25-53-857/Ladder_G06_21.hid
resources/data/2p_5p_Dataset_NFI/Raw data .HID files/Mixture dataset 5/Inj6 2017-05-12-16-25-53-857/5C4_G04_19.hid,resources/data/2p_5p_Dataset_NFI/Raw data .HID files/Mixture dataset 5/Inj6 2017-05-12-16-25-53-857/Ladder_G06_21.hid
resources/data/2p_5p_Dataset_NFI/Raw data .HID files/Mixture dataset 5/Inj6 2017-05-12-16-25-53-857/5C4_G05_20.hid,resources/data/2p_5p_Dataset_NFI/Raw data .HID files/Mixture dataset 5/Inj6 2017-05-12-16-25-53-857/Ladder_G06_21.hid
resources/data/2p_5p_Dataset_NFI/Raw data .HID files/Mixture dataset 5/Inj6 2017-05-12-16-25-53-857/5C5_D05_11.hid,resources/data/2p_5p_Dataset_NFI/Raw data .HID files/Mixture dataset 5/Inj6 2017-05-12-16-25-53-857/Ladder_G06_21.hid
resources/data/2p_5p_Dataset_NFI/Raw data .HID files/Mixture dataset 5/Inj6 2017-05-12-16-25-53-857/5C5_H04_22.hid,resources/data/2p_5p_Dataset_NFI/Raw data .HID files/Mixture dataset 5/Inj6 2017-05-12-16-25-53-857/Ladder_G06_21.hid
resources/data/2p_5p_Dataset_NFI/Raw data .HID files/Mixture dataset 5/Inj6 2017-05-12-16-25-53-857/5C5_H05_23.hid,resources/data/2p_5p_Dataset_NFI/Raw data .HID files/Mixture dataset 5/Inj6 2017-05-12-16-25-53-857/Ladder_G06_21.hid
resources/data/2p_5p_Dataset_NFI/Raw data .HID files/Mixture dataset 5/Inj6 2017-05-12-16-25-53-857/5D2_A06_03.hid,resources/data/2p_5p_Dataset_NFI/Raw data .HID files/Mixture dataset 5/Inj6 2017-05-12-16-25-53-857/Ladder_G06_21.hid
resources/data/2p_5p_Dataset_NFI/Raw data .HID files/Mixture dataset 5/Inj6 2017-05-12-16-25-53-857/5D3_B06_06.hid,resources/data/2p_5p_Dataset_NFI/Raw data .HID files/Mixture dataset 5/Inj6 2017-05-12-16-25-53-857/Ladder_G06_21.hid
resources/data/2p_5p_Dataset_NFI/Raw data .HID files/Mixture dataset 5/Inj6 2017-05-12-16-25-53-857/5D4_C06_09.hid,resources/data/2p_5p_Dataset_NFI/Raw data .HID files/Mixture dataset 5/Inj6 2017-05-12-16-25-53-857/Ladder_G06_21.hid
resources/data/2p_5p_Dataset_NFI/Raw data .HID files/Mixture dataset 5/Inj6 2017-05-12-16-25-53-857/5D5_D06_12.hid,resources/data/2p_5p_Dataset_NFI/Raw data .HID files/Mixture dataset 5/Inj6 2017-05-12-16-25-53-857/Ladder_G06_21.hid
resources/data/2p_5p_Dataset_NFI/Raw data .HID files/Mixture dataset 5/Inj7 2017-05-12-16-25-53-867/5D2_A07_01.hid,resources/data/2p_5p_Dataset_NFI/Raw data .HID files/Mixture dataset 5/Inj7 2017-05-12-16-25-53-867/Ladder_G09_21.hid
resources/data/2p_5p_Dataset_NFI/Raw data .HID files/Mixture dataset 5/Inj7 2017-05-12-16-25-53-867/5D2_E07_13.hid,resources/data/2p_5p_Dataset_NFI/Raw data .HID files/Mixture dataset 5/Inj7 2017-05-12-16-25-53-867/Ladder_G09_21.hid
resources/data/2p_5p_Dataset_NFI/Raw data .HID files/Mixture dataset 5/Inj7 2017-05-12-16-25-53-867/5D3_B07_04.hid,resources/data/2p_5p_Dataset_NFI/Raw data .HID files/Mixture dataset 5/Inj7 2017-05-12-16-25-53-867/Ladder_G09_21.hid
resources/data/2p_5p_Dataset_NFI/Raw data .HID files/Mixture dataset 5/Inj7 2017-05-12-16-25-53-867/5D3_F07_16.hid,resources/data/2p_5p_Dataset_NFI/Raw data .HID files/Mixture dataset 5/Inj7 2017-05-12-16-25-53-867/Ladder_G09_21.hid
resources/data/2p_5p_Dataset_NFI/Raw data .HID files/Mixture dataset 5/Inj7 2017-05-12-16-25-53-867/5D4_C07_07.hid,resources/data/2p_5p_Dataset_NFI/Raw data .HID files/Mixture dataset 5/Inj7 2017-05-12-16-25-53-867/Ladder_G09_21.hid
resources/data/2p_5p_Dataset_NFI/Raw data .HID files/Mixture dataset 5/Inj7 2017-05-12-16-25-53-867/5D4_G07_19.hid,resources/data/2p_5p_Dataset_NFI/Raw data .HID files/Mixture dataset 5/Inj7 2017-05-12-16-25-53-867/Ladder_G09_21.hid
resources/data/2p_5p_Dataset_NFI/Raw data .HID files/Mixture dataset 5/Inj7 2017-05-12-16-25-53-867/5D5_D07_10.hid,resources/data/2p_5p_Dataset_NFI/Raw data .HID files/Mixture dataset 5/Inj7 2017-05-12-16-25-53-867/Ladder_G09_21.hid
resources/data/2p_5p_Dataset_NFI/Raw data .HID files/Mixture dataset 5/Inj7 2017-05-12-16-25-53-867/5D5_H07_22.hid,resources/data/2p_5p_Dataset_NFI/Raw data .HID files/Mixture dataset 5/Inj7 2017-05-12-16-25-53-867/Ladder_H09_24.hid
resources/data/2p_5p_Dataset_NFI/Raw data .HID files/Mixture dataset 5/Inj7 2017-05-12-16-25-53-867/5E2_A08_02.hid,resources/data/2p_5p_Dataset_NFI/Raw data .HID files/Mixture dataset 5/Inj7 2017-05-12-16-25-53-867/Ladder_G09_21.hid
resources/data/2p_5p_Dataset_NFI/Raw data .HID files/Mixture dataset 5/Inj7 2017-05-12-16-25-53-867/5E2_A09_03.hid,resources/data/2p_5p_Dataset_NFI/Raw data .HID files/Mixture dataset 5/Inj7 2017-05-12-16-25-53-867/Ladder_G09_21.hid
resources/data/2p_5p_Dataset_NFI/Raw data .HID files/Mixture dataset 5/Inj7 2017-05-12-16-25-53-867/5E2_E08_14.hid,resources/data/2p_5p_Dataset_NFI/Raw data .HID files/Mixture dataset 5/Inj7 2017-05-12-16-25-53-867/Ladder_G09_21.hid
resources/data/2p_5p_Dataset_NFI/Raw data .HID files/Mixture dataset 5/Inj7 2017-05-12-16-25-53-867/5E3_B08_05.hid,resources/data/2p_5p_Dataset_NFI/Raw data .HID files/Mixture dataset 5/Inj7 2017-05-12-16-25-53-867/Ladder_G09_21.hid
resources/data/2p_5p_Dataset_NFI/Raw data .HID files/Mixture dataset 5/Inj7 2017-05-12-16-25-53-867/5E3_F08_17.hid,resources/data/2p_5p_Dataset_NFI/Raw data .HID files/Mixture dataset 5/Inj7 2017-05-12-16-25-53-867/Ladder_G09_21.hid
resources/data/2p_5p_Dataset_NFI/Raw data .HID files/Mixture dataset 5/Inj7 2017-05-12-16-25-53-867/5E4_C09_09.hid,resources/data/2p_5p_Dataset_NFI/Raw data .HID files/Mixture dataset 5/Inj7 2017-05-12-16-25-53-867/Ladder_G09_21.hid
resources/data/2p_5p_Dataset_NFI/Raw data .HID files/Mixture dataset 5/Inj7 2017-05-12-16-25-53-867/5E4_G08_20.hid,resources/data/2p_5p_Dataset_NFI/Raw data .HID files/Mixture dataset 5/Inj7 2017-05-12-16-25-53-867/Ladder_G09_21.hid
resources/data/2p_5p_Dataset_NFI/Raw data .HID files/Mixture dataset 5/Inj7 2017-05-12-16-25-53-867/5E5_D09_12.hid,resources/data/2p_5p_Dataset_NFI/Raw data .HID files/Mixture dataset 5/Inj7 2017-05-12-16-25-53-867/Ladder_G09_21.hid
resources/data/2p_5p_Dataset_NFI/Raw data .HID files/Mixture dataset 5/Inj7 2017-05-12-16-25-53-867/5E5_H08_23.hid,resources/data/2p_5p_Dataset_NFI/Raw data .HID files/Mixture dataset 5/Inj7 2017-05-12-16-25-53-867/Ladder_G09_21.hid
resources/data/2p_5p_Dataset_NFI/Raw data .HID files/Mixture dataset 6/Inj1 2017-05-16-15-20-54-079/6A2_A01_01.hid,resources/data/2p_5p_Dataset_NFI/Raw data .HID files/Mixture dataset 6/Inj1 2017-05-16-15-20-54-079/ladder_G03_21.hid
resources/data/2p_5p_Dataset_NFI/Raw data .HID files/Mixture dataset 6/Inj1 2017-05-16-15-20-54-079/6A2_A02_02.hid,resources/data/2p_5p_Dataset_NFI/Raw data .HID files/Mixture dataset 6/Inj1 2017-05-16-15-20-54-079/ladder_G03_21.hid
resources/data/2p_5p_Dataset_NFI/Raw data .HID files/Mixture dataset 6/Inj1 2017-05-16-15-20-54-079/6A2_E01_13.hid,resources/data/2p_5p_Dataset_NFI/Raw data .HID files/Mixture dataset 6/Inj1 2017-05-16-15-20-54-079/ladder_G03_21.hid
resources/data/2p_5p_Dataset_NFI/Raw data .HID files/Mixture dataset 6/Inj1 2017-05-16-15-20-54-079/6A3_B01_04.hid,resources/data/2p_5p_Dataset_NFI/Raw data .HID files/Mixture dataset 6/Inj1 2017-05-16-15-20-54-079/ladder_G03_21.hid
resources/data/2p_5p_Dataset_NFI/Raw data .HID files/Mixture dataset 6/Inj1 2017-05-16-15-20-54-079/6A3_B02_05.hid,resources/data/2p_5p_Dataset_NFI/Raw data .HID files/Mixture dataset 6/Inj1 2017-05-16-15-20-54-079/ladder_G03_21.hid
resources/data/2p_5p_Dataset_NFI/Raw data .HID files/Mixture dataset 6/Inj1 2017-05-16-15-20-54-079/6A3_F01_16.hid,resources/data/2p_5p_Dataset_NFI/Raw data .HID files/Mixture dataset 6/Inj1 2017-05-16-15-20-54-079/ladder_G03_21.hid
resources/data/2p_5p_Dataset_NFI/Raw data .HID files/Mixture dataset 6/Inj1 2017-05-16-15-20-54-079/6A4_C01_07.hid,resources/data/2p_5p_Dataset_NFI/Raw data .HID files/Mixture dataset 6/Inj1 2017-05-16-15-20-54-079/ladder_G03_21.hid
resources/data/2p_5p_Dataset_NFI/Raw data .HID files/Mixture dataset 6/Inj1 2017-05-16-15-20-54-079/6A4_C02_08.hid,resources/data/2p_5p_Dataset_NFI/Raw data .HID files/Mixture dataset 6/Inj1 2017-05-16-15-20-54-079/ladder_G03_21.hid
resources/data/2p_5p_Dataset_NFI/Raw data .HID files/Mixture dataset 6/Inj1 2017-05-16-15-20-54-079/6A4_G01_19.hid,resources/data/2p_5p_Dataset_NFI/Raw data .HID files/Mixture dataset 6/Inj1 2017-05-16-15-20-54-079/ladder_G03_21.hid
resources/data/2p_5p_Dataset_NFI/Raw data .HID files/Mixture dataset 6/Inj1 2017-05-16-15-20-54-079/6A5_D01_10.hid,resources/data/2p_5p_Dataset_NFI/Raw data .HID files/Mixture dataset 6/Inj1 2017-05-16-15-20-54-079/ladder_G03_21.hid
resources/data/2p_5p_Dataset_NFI/Raw data .HID files/Mixture dataset 6/Inj1 2017-05-16-15-20-54-079/6A5_D02_11.hid,resources/data/2p_5p_Dataset_NFI/Raw data .HID files/Mixture dataset 6/Inj1 2017-05-16-15-20-54-079/ladder_G03_21.hid
resources/data/2p_5p_Dataset_NFI/Raw data .HID files/Mixture dataset 6/Inj1 2017-05-16-15-20-54-079/6A5_H01_22.hid,resources/data/2p_5p_Dataset_NFI/Raw data .HID files/Mixture dataset 6/Inj1 2017-05-16-15-20-54-079/ladder_G03_21.hid
resources/data/2p_5p_Dataset_NFI/Raw data .HID files/Mixture dataset 6/Inj1 2017-05-16-15-20-54-079/6B2_A03_03.hid,resources/data/2p_5p_Dataset_NFI/Raw data .HID files/Mixture dataset 6/Inj1 2017-05-16-15-20-54-079/ladder_G03_21.hid
resources/data/2p_5p_Dataset_NFI/Raw data .HID files/Mixture dataset 6/Inj1 2017-05-16-15-20-54-079/6B2_E02_14.hid,resources/data/2p_5p_Dataset_NFI/Raw data .HID files/Mixture dataset 6/Inj1 2017-05-16-15-20-54-079/ladder_G03_21.hid
resources/data/2p_5p_Dataset_NFI/Raw data .HID files/Mixture dataset 6/Inj1 2017-05-16-15-20-54-079/6B3_B03_06.hid,resources/data/2p_5p_Dataset_NFI/Raw data .HID files/Mixture dataset 6/Inj1 2017-05-16-15-20-54-079/ladder_G03_21.hid
resources/data/2p_5p_Dataset_NFI/Raw data .HID files/Mixture dataset 6/Inj1 2017-05-16-15-20-54-079/6B3_F02_17.hid,resources/data/2p_5p_Dataset_NFI/Raw data .HID files/Mixture dataset 6/Inj1 2017-05-16-15-20-54-079/ladder_G03_21.hid
resources/data/2p_5p_Dataset_NFI/Raw data .HID files/Mixture dataset 6/Inj1 2017-05-16-15-20-54-079/6B4_C03_09.hid,resources/data/2p_5p_Dataset_NFI/Raw data .HID files/Mixture dataset 6/Inj1 2017-05-16-15-20-54-079/ladder_G03_21.hid
resources/data/2p_5p_Dataset_NFI/Raw data .HID files/Mixture dataset 6/Inj1 2017-05-16-15-20-54-079/6B4_G02_20.hid,resources/data/2p_5p_Dataset_NFI/Raw data .HID files/Mixture dataset 6/Inj1 2017-05-16-15-20-54-079/ladder_G03_21.hid
resources/data/2p_5p_Dataset_NFI/Raw data .HID files/Mixture dataset 6/Inj1 2017-05-16-15-20-54-079/6B5_D03_12.hid,resources/data/2p_5p_Dataset_NFI/Raw data .HID files/Mixture dataset 6/Inj1 2017-05-16-15-20-54-079/ladder_G03_21.hid
resources/data/2p_5p_Dataset_NFI/Raw data .HID files/Mixture dataset 6/Inj1 2017-05-16-15-20-54-079/6B5_H02_23.hid,resources/data/2p_5p_Dataset_NFI/Raw data .HID files/Mixture dataset 6/Inj1 2017-05-16-15-20-54-079/ladder_G03_21.hid
resources/data/2p_5p_Dataset_NFI/Raw data .HID files/Mixture dataset 6/Inj2 2017-05-16-15-20-54-089/6B2_A04_01.hid,resources/data/2p_5p_Dataset_NFI/Raw data .HID files/Mixture dataset 6/Inj2 2017-05-16-15-20-54-089/ladder_G06_21.hid
resources/data/2p_5p_Dataset_NFI/Raw data .HID files/Mixture dataset 6/Inj2 2017-05-16-15-20-54-089/6B3_B04_04.hid,resources/data/2p_5p_Dataset_NFI/Raw data .HID files/Mixture dataset 6/Inj2 2017-05-16-15-20-54-089/ladder_G06_21.hid
resources/data/2p_5p_Dataset_NFI/Raw data .HID files/Mixture dataset 6/Inj2 2017-05-16-15-20-54-089/6B4_C04_07.hid,resources/data/2p_5p_Dataset_NFI/Raw data .HID files/Mixture dataset 6/Inj2 2017-05-16-15-20-54-089/ladder_G06_21.hid
resources/data/2p_5p_Dataset_NFI/Raw data .HID files/Mixture dataset 6/Inj2 2017-05-16-15-20-54-089/6B5_D04_10.hid,resources/data/2p_5p_Dataset_NFI/Raw data .HID files/Mixture dataset 6/Inj2 2017-05-16-15-20-54-089/ladder_G06_21.hid
resources/data/2p_5p_Dataset_NFI/Raw data .HID files/Mixture dataset 6/Inj2 2017-05-16-15-20-54-089/6C2_A05_02.hid,resources/data/2p_5p_Dataset_NFI/Raw data .HID files/Mixture dataset 6/Inj2 2017-05-16-15-20-54-089/ladder_G06_21.hid
resources/data/2p_5p_Dataset_NFI/Raw data .HID files/Mixture dataset 6/Inj2 2017-05-16-15-20-54-089/6C2_E04_13.hid,resources/data/2p_5p_Dataset_NFI/Raw data .HID files/Mixture dataset 6/Inj2 2017-05-16-15-20-54-089/ladder_G06_21.hid
resources/data/2p_5p_Dataset_NFI/Raw data .HID files/Mixture dataset 6/Inj2 2017-05-16-15-20-54-089/6C2_E05_14.hid,resources/data/2p_5p_Dataset_NFI/Raw data .HID files/Mixture dataset 6/Inj2 2017-05-16-15-20-54-089/ladder_G06_21.hid
resources/data/2p_5p_Dataset_NFI/Raw data .HID files/Mixture dataset 6/Inj2 2017-05-16-15-20-54-089/6C3_B05_05.hid,resources/data/2p_5p_Dataset_NFI/Raw data .HID files/Mixture dataset 6/Inj2 2017-05-16-15-20-54-089/ladder_G06_21.hid
resources/data/2p_5p_Dataset_NFI/Raw data .HID files/Mixture dataset 6/Inj2 2017-05-16-15-20-54-089/6C3_F04_16.hid,resources/data/2p_5p_Dataset_NFI/Raw data .HID files/Mixture dataset 6/Inj2 2017-05-16-15-20-54-089/ladder_G06_21.hid
resources/data/2p_5p_Dataset_NFI/Raw data .HID files/Mixture dataset 6/Inj2 2017-05-16-15-20-54-089/6C3_F05_17.hid,resources/data/2p_5p_Dataset_NFI/Raw data .HID files/Mixture dataset 6/Inj2 2017-05-16-15-20-54-089/ladder_G06_21.hid
resources/data/2p_5p_Dataset_NFI/Raw data .HID files/Mixture dataset 6/Inj2 2017-05-16-15-20-54-089/6C4_C05_08.hid,resources/data/2p_5p_Dataset_NFI/Raw data .HID files/Mixture dataset 6/Inj2 2017-05-16-15-20-54-089/ladder_G06_21.hid
resources/data/2p_5p_Dataset_NFI/Raw data .HID files/Mixture dataset 6/Inj2 2017-05-16-15-20-54-089/6C4_G04_19.hid,resources/data/2p_5p_Dataset_NFI/Raw data .HID files/Mixture dataset 6/Inj2 2017-05-16-15-20-54-089/ladder_G06_21.hid
resources/data/2p_5p_Dataset_NFI/Raw data .HID files/Mixture dataset 6/Inj2 2017-05-16-15-20-54-089/6C4_G05_20.hid,resources/data/2p_5p_Dataset_NFI/Raw data .HID files/Mixture dataset 6/Inj2 2017-05-16-15-20-54-089/ladder_G06_21.hid
resources/data/2p_5p_Dataset_NFI/Raw data .HID files/Mixture dataset 6/Inj2 2017-05-16-15-20-54-089/6C5_D05_11.hid,resources/data/2p_5p_Dataset_NFI/Raw data .HID files/Mixture dataset 6/Inj2 2017-05-16-15-20-54-089/ladder_G06_21.hid
resources/data/2p_5p_Dataset_NFI/Raw data .HID files/Mixture dataset 6/Inj2 2017-05-16-15-20-54-089/6C5_H04_22.hid,resources/data/2p_5p_Dataset_NFI/Raw data .HID files/Mixture dataset 6/Inj2 2017-05-16-15-20-54-089/ladder_G06_21.hid
resources/data/2p_5p_Dataset_NFI/Raw data .HID files/Mixture dataset 6/Inj2 2017-05-16-15-20-54-089/6C5_H05_23.hid,resources/data/2p_5p_Dataset_NFI/Raw data .HID files/Mixture dataset 6/Inj2 2017-05-16-15-20-54-089/ladder_G06_21.hid
resources/data/2p_5p_Dataset_NFI/Raw data .HID files/Mixture dataset 6/Inj2 2017-05-16-15-20-54-089/6D2_A06_03.hid,resources/data/2p_5p_Dataset_NFI/Raw data .HID files/Mixture dataset 6/Inj2 2017-05-16-15-20-54-089/ladder_G06_21.hid
resources/data/2p_5p_Dataset_NFI/Raw data .HID files/Mixture dataset 6/Inj2 2017-05-16-15-20-54-089/6D3_B06_06.hid,resources/data/2p_5p_Dataset_NFI/Raw data .HID files/Mixture dataset 6/Inj2 2017-05-16-15-20-54-089/ladder_G06_21.hid
resources/data/2p_5p_Dataset_NFI/Raw data .HID files/Mixture dataset 6/Inj2 2017-05-16-15-20-54-089/6D4_C06_09.hid,resources/data/2p_5p_Dataset_NFI/Raw data .HID files/Mixture dataset 6/Inj2 2017-05-16-15-20-54-089/ladder_G06_21.hid
resources/data/2p_5p_Dataset_NFI/Raw data .HID files/Mixture dataset 6/Inj2 2017-05-16-15-20-54-089/6D5_D06_12.hid,resources/data/2p_5p_Dataset_NFI/Raw data .HID files/Mixture dataset 6/Inj2 2017-05-16-15-20-54-089/ladder_G06_21.hid
resources/data/2p_5p_Dataset_NFI/Raw data .HID files/Mixture dataset 6/Inj3 2017-05-16-15-20-54-099/6D2_A07_01.hid,resources/data/2p_5p_Dataset_NFI/Raw data .HID files/Mixture dataset 6/Inj3 2017-05-16-15-20-54-099/ladder_G09_21.hid
resources/data/2p_5p_Dataset_NFI/Raw data .HID files/Mixture dataset 6/Inj3 2017-05-16-15-20-54-099/6D2_E07_13.hid,resources/data/2p_5p_Dataset_NFI/Raw data .HID files/Mixture dataset 6/Inj3 2017-05-16-15-20-54-099/ladder_G09_21.hid
resources/data/2p_5p_Dataset_NFI/Raw data .HID files/Mixture dataset 6/Inj3 2017-05-16-15-20-54-099/6D3_B07_04.hid,resources/data/2p_5p_Dataset_NFI/Raw data .HID files/Mixture dataset 6/Inj3 2017-05-16-15-20-54-099/ladder_G09_21.hid
resources/data/2p_5p_Dataset_NFI/Raw data .HID files/Mixture dataset 6/Inj3 2017-05-16-15-20-54-099/6D3_F07_16.hid,resources/data/2p_5p_Dataset_NFI/Raw data .HID files/Mixture dataset 6/Inj3 2017-05-16-15-20-54-099/ladder_G09_21.hid
resources/data/2p_5p_Dataset_NFI/Raw data .HID files/Mixture dataset 6/Inj3 2017-05-16-15-20-54-099/6D4_C07_07.hid,resources/data/2p_5p_Dataset_NFI/Raw data .HID files/Mixture dataset 6/Inj3 2017-05-16-15-20-54-099/ladder_G09_21.hid
resources/data/2p_5p_Dataset_NFI/Raw data .HID files/Mixture dataset 6/Inj3 2017-05-16-15-20-54-099/6D4_G07_19.hid,resources/data/2p_5p_Dataset_NFI/Raw data .HID files/Mixture dataset 6/Inj3 2017-05-16-15-20-54-099/ladder_G09_21.hid
resources/data/2p_5p_Dataset_NFI/Raw data .HID files/Mixture dataset 6/Inj3 2017-05-16-15-20-54-099/6D5_D07_10.hid,resources/data/2p_5p_Dataset_NFI/Raw data .HID files/Mixture dataset 6/Inj3 2017-05-16-15-20-54-099/ladder_G09_21.hid
resources/data/2p_5p_Dataset_NFI/Raw data .HID files/Mixture dataset 6/Inj3 2017-05-16-15-20-54-099/6D5_H07_22.hid,resources/data/2p_5p_Dataset_NFI/Raw data .HID files/Mixture dataset 6/Inj3 2017-05-16-15-20-54-099/ladder_G09_21.hid
resources/data/2p_5p_Dataset_NFI/Raw data .HID files/Mixture dataset 6/Inj3 2017-05-16-15-20-54-099/6E2_A08_02.hid,resources/data/2p_5p_Dataset_NFI/Raw data .HID files/Mixture dataset 6/Inj3 2017-05-16-15-20-54-099/ladder_G09_21.hid
resources/data/2p_5p_Dataset_NFI/Raw data .HID files/Mixture dataset 6/Inj3 2017-05-16-15-20-54-099/6E2_A09_03.hid,resources/data/2p_5p_Dataset_NFI/Raw data .HID files/Mixture dataset 6/Inj3 2017-05-16-15-20-54-099/ladder_G09_21.hid
resources/data/2p_5p_Dataset_NFI/Raw data .HID files/Mixture dataset 6/Inj3 2017-05-16-15-20-54-099/6E2_E08_14.hid,resources/data/2p_5p_Dataset_NFI/Raw data .HID files/Mixture dataset 6/Inj3 2017-05-16-15-20-54-099/ladder_G09_21.hid
resources/data/2p_5p_Dataset_NFI/Raw data .HID files/Mixture dataset 6/Inj3 2017-05-16-15-20-54-099/6E3_B08_05.hid,resources/data/2p_5p_Dataset_NFI/Raw data .HID files/Mixture dataset 6/Inj3 2017-05-16-15-20-54-099/ladder_G09_21.hid
resources/data/2p_5p_Dataset_NFI/Raw data .HID files/Mixture dataset 6/Inj3 2017-05-16-15-20-54-099/6E3_B09_06.hid,resources/data/2p_5p_Dataset_NFI/Raw data .HID files/Mixture dataset 6/Inj3 2017-05-16-15-20-54-099/ladder_G09_21.hid
resources/data/2p_5p_Dataset_NFI/Raw data .HID files/Mixture dataset 6/Inj3 2017-05-16-15-20-54-099/6E3_F08_17.hid,resources/data/2p_5p_Dataset_NFI/Raw data .HID files/Mixture dataset 6/Inj3 2017-05-16-15-20-54-099/ladder_G09_21.hid
resources/data/2p_5p_Dataset_NFI/Raw data .HID files/Mixture dataset 6/Inj3 2017-05-16-15-20-54-099/6E4_C08_08.hid,resources/data/2p_5p_Dataset_NFI/Raw data .HID files/Mixture dataset 6/Inj3 2017-05-16-15-20-54-099/ladder_G09_21.hid
resources/data/2p_5p_Dataset_NFI/Raw data .HID files/Mixture dataset 6/Inj3 2017-05-16-15-20-54-099/6E4_C09_09.hid,resources/data/2p_5p_Dataset_NFI/Raw data .HID files/Mixture dataset 6/Inj3 2017-05-16-15-20-54-099/ladder_G09_21.hid
resources/data/2p_5p_Dataset_NFI/Raw data .HID files/Mixture dataset 6/Inj3 2017-05-16-15-20-54-099/6E4_G08_20.hid,resources/data/2p_5p_Dataset_NFI/Raw data .HID files/Mixture dataset 6/Inj3 2017-05-16-15-20-54-099/ladder_G09_21.hid
resources/data/2p_5p_Dataset_NFI/Raw data .HID files/Mixture dataset 6/Inj3 2017-05-16-15-20-54-099/6E5_D09_12.hid,resources/data/2p_5p_Dataset_NFI/Raw data .HID files/Mixture dataset 6/Inj3 2017-05-16-15-20-54-099/ladder_G09_21.hid
resources/data/2p_5p_Dataset_NFI/Raw data .HID files/Mixture dataset 6/Inj3 2017-05-16-15-20-54-099/6E5_H08_23.hid,resources/data/2p_5p_Dataset_NFI/Raw data .HID files/Mixture dataset 6/Inj3 2017-05-16-15-20-54-099/ladder_G09_21.hid
testje,
